count,stars
0,4.0
1,3.0
2,2.5
3,4.0
4,2.5
5,2.5
6,4.5
7,4.0
8,2.0
9,2.0
10,3.0
11,4.5
12,4.5
13,4.5
14,4.5
15,2.5
16,4.0
17,3.0
18,3.5
19,5.0
20,1.5
21,4.0
22,2.0
23,2.5
24,2.0
25,3.0
26,4.0
27,4.5
28,4.5
29,4.5
30,3.5
31,4.5
32,5.0
33,3.5
34,5.0
35,5.0
36,1.5
37,2.0
38,4.5
39,4.0
40,5.0
41,4.0
42,4.5
43,3.5
44,2.5
45,3.0
46,4.0
47,4.0
48,2.5
49,4.5
50,3.0
51,3.0
52,4.0
53,4.0
54,2.5
55,4.5
56,5.0
57,3.5
58,3.5
59,4.5
60,4.0
61,3.5
62,2.0
63,3.5
64,3.5
65,4.0
66,4.5
67,3.5
68,3.0
69,3.0
70,3.0
71,3.0
72,2.5
73,3.5
74,3.5
75,5.0
76,4.5
77,4.0
78,2.0
79,3.0
80,4.0
81,4.5
82,2.0
83,4.0
84,3.0
85,5.0
86,2.5
87,2.5
88,4.5
89,4.5
90,3.0
91,2.0
92,4.5
93,4.5
94,2.5
95,2.5
96,4.5
97,5.0
98,3.5
99,2.5
100,2.5
101,3.5
102,1.5
103,4.0
104,4.0
105,5.0
106,3.5
107,2.0
108,4.0
109,3.5
110,4.0
111,4.0
112,3.5
113,4.5
114,5.0
115,2.5
116,4.5
117,3.5
118,2.5
119,4.0
120,3.5
121,3.0
122,4.5
123,2.5
124,4.0
125,4.0
126,4.0
127,2.0
128,3.5
129,3.5
130,5.0
131,4.5
132,4.0
133,3.5
134,3.5
135,5.0
136,4.5
137,4.5
138,3.0
139,4.0
140,4.5
141,4.0
142,4.0
143,2.0
144,4.0
145,4.5
146,4.0
147,4.0
148,4.0
149,4.0
150,4.5
151,2.0
152,3.5
153,4.0
154,2.5
155,3.5
156,5.0
157,4.5
158,4.0
159,1.5
160,3.5
161,4.5
162,4.5
163,4.0
164,4.5
165,2.0
166,4.0
167,3.5
168,2.5
169,4.0
170,4.5
171,4.0
172,4.5
173,3.5
174,3.0
175,2.5
176,4.5
177,3.0
178,3.0
179,4.5
180,3.5
181,3.5
182,4.0
183,4.5
184,4.0
185,3.0
186,4.0
187,4.0
188,3.5
189,3.0
190,4.0
191,5.0
192,4.0
193,4.0
194,4.5
195,4.5
196,3.0
197,5.0
198,2.5
199,4.0
200,2.0
201,4.0
202,2.5
203,5.0
204,3.0
205,5.0
206,2.0
207,3.5
208,4.5
209,1.5
210,2.5
211,5.0
212,4.0
213,3.0
214,3.0
215,4.5
216,4.0
217,5.0
218,3.5
219,1.5
220,3.0
221,2.0
222,3.5
223,2.5
224,5.0
225,4.5
226,2.5
227,4.5
228,3.5
229,4.0
230,3.0
231,4.5
232,4.0
233,5.0
234,2.0
235,4.5
236,4.5
237,1.5
238,3.5
239,2.0
240,2.0
241,4.0
242,3.0
243,5.0
244,5.0
245,4.0
246,3.0
247,4.5
248,2.5
249,4.0
250,5.0
251,2.5
252,1.5
253,4.5
254,5.0
255,4.0
256,4.0
257,2.0
258,4.0
259,5.0
260,4.5
261,4.0
262,3.0
263,4.0
264,3.0
265,3.0
266,3.0
267,4.0
268,2.5
269,3.5
270,4.0
271,4.0
272,3.0
273,3.5
274,3.5
275,4.0
276,4.0
277,5.0
278,1.5
279,2.5
280,1.0
281,5.0
282,5.0
283,2.0
284,5.0
285,2.0
286,4.0
287,2.5
288,4.0
289,5.0
290,4.0
291,4.0
292,4.5
293,4.0
294,5.0
295,4.5
296,4.5
297,1.5
298,2.5
299,1.0
300,2.5
301,4.5
302,1.5
303,4.0
304,2.0
305,5.0
306,3.5
307,2.5
308,2.0
309,1.0
310,3.5
311,2.5
312,4.5
313,3.5
314,3.5
315,3.5
316,4.0
317,2.5
318,3.5
319,4.0
320,3.5
321,5.0
322,4.5
323,5.0
324,4.0
325,2.5
326,3.0
327,4.5
328,3.0
329,4.5
330,4.5
331,3.5
332,4.0
333,4.0
334,1.0
335,4.0
336,4.5
337,4.5
338,4.5
339,1.0
340,2.5
341,3.5
342,2.0
343,4.5
344,4.5
345,3.5
346,2.5
347,4.5
348,2.0
349,4.5
350,4.0
351,2.0
352,4.0
353,2.5
354,2.5
355,2.5
356,1.5
357,2.5
358,3.5
359,5.0
360,2.0
361,3.0
362,4.5
363,3.0
364,2.5
365,3.5
366,4.0
367,1.5
368,3.0
369,3.5
370,3.5
371,3.5
372,2.5
373,2.0
374,4.5
375,3.0
376,1.5
377,2.0
378,4.5
379,3.5
380,4.5
381,1.0
382,5.0
383,2.5
384,1.5
385,4.5
386,4.5
387,3.5
388,5.0
389,2.5
390,1.5
391,3.5
392,3.0
393,1.5
394,3.5
395,4.0
396,3.5
397,4.0
398,3.5
399,4.5
400,3.0
401,4.0
402,3.5
403,4.0
404,4.0
405,2.0
406,4.5
407,3.0
408,2.0
409,2.5
410,4.0
411,3.0
412,3.5
413,5.0
414,4.5
415,4.0
416,3.5
417,4.5
418,1.5
419,4.0
420,4.5
421,5.0
422,2.5
423,3.0
424,5.0
425,2.0
426,2.0
427,4.0
428,1.5
429,4.0
430,4.0
431,4.5
432,2.5
433,4.5
434,5.0
435,3.5
436,3.5
437,4.5
438,3.5
439,4.0
440,3.5
441,5.0
442,3.5
443,2.5
444,4.5
445,3.5
446,3.5
447,1.5
448,3.0
449,4.5
450,2.0
451,4.0
452,4.0
453,4.5
454,3.5
455,4.5
456,2.0
457,3.5
458,2.5
459,3.5
460,4.0
461,4.5
462,4.5
463,5.0
464,4.5
465,4.0
466,2.5
467,2.5
468,3.5
469,3.0
470,5.0
471,4.5
472,3.0
473,5.0
474,5.0
475,4.0
476,2.0
477,4.0
478,3.5
479,2.5
480,4.5
481,3.0
482,1.0
483,3.0
484,4.5
485,4.5
486,4.5
487,4.5
488,5.0
489,4.5
490,4.0
491,4.5
492,4.0
493,1.0
494,2.0
495,3.5
496,4.0
497,3.5
498,5.0
499,3.5
500,3.5
501,5.0
502,2.5
503,4.0
504,2.0
505,4.0
506,2.0
507,3.0
508,2.5
509,5.0
510,4.0
511,4.0
512,4.0
513,4.0
514,4.0
515,3.5
516,4.5
517,2.5
518,4.0
519,4.5
520,4.0
521,3.0
522,3.5
523,2.0
524,4.5
525,4.5
526,3.5
527,5.0
528,3.5
529,2.0
530,3.5
531,3.5
532,4.5
533,5.0
534,3.5
535,3.0
536,4.5
537,4.0
538,4.0
539,4.5
540,5.0
541,3.0
542,2.5
543,2.0
544,3.5
545,4.0
546,3.5
547,5.0
548,2.5
549,3.0
550,4.0
551,3.5
552,3.5
553,4.5
554,4.5
555,3.5
556,4.0
557,3.5
558,4.0
559,3.0
560,1.0
561,4.5
562,3.0
563,2.5
564,5.0
565,4.0
566,3.0
567,3.0
568,4.0
569,1.0
570,4.0
571,3.0
572,4.5
573,4.0
574,4.5
575,3.0
576,4.5
577,5.0
578,5.0
579,2.0
580,4.0
581,4.5
582,4.5
583,5.0
584,3.0
585,4.0
586,2.5
587,4.5
588,5.0
589,4.0
590,4.5
591,3.0
592,4.5
593,4.0
594,4.5
595,4.0
596,5.0
597,5.0
598,3.0
599,2.5
600,4.0
601,4.5
602,3.0
603,5.0
604,4.5
605,4.0
606,1.5
607,3.5
608,3.5
609,2.5
610,2.5
611,3.0
612,2.0
613,5.0
614,2.5
615,3.5
616,4.0
617,3.5
618,3.0
619,3.0
620,2.5
621,3.5
622,3.5
623,4.5
624,4.0
625,5.0
626,1.5
627,2.5
628,3.0
629,1.0
630,2.0
631,4.5
632,5.0
633,4.5
634,4.5
635,4.5
636,2.5
637,2.5
638,1.0
639,3.0
640,4.0
641,3.5
642,4.0
643,1.5
644,4.5
645,4.5
646,3.0
647,3.5
648,5.0
649,4.5
650,4.0
651,5.0
652,4.0
653,5.0
654,4.0
655,3.5
656,4.0
657,4.0
658,4.5
659,4.0
660,3.5
661,5.0
662,2.5
663,3.0
664,2.0
665,4.5
666,3.0
667,3.0
668,4.5
669,4.0
670,4.0
671,4.0
672,1.5
673,4.0
674,4.0
675,1.5
676,2.0
677,4.0
678,3.5
679,3.0
680,4.0
681,4.0
682,1.5
683,4.0
684,4.5
685,4.5
686,3.0
687,3.0
688,4.0
689,4.5
690,3.5
691,5.0
692,4.5
693,2.5
694,4.5
695,4.0
696,4.0
697,4.0
698,2.0
699,4.5
700,4.5
701,2.5
702,3.5
703,5.0
704,4.5
705,2.0
706,3.0
707,5.0
708,5.0
709,3.5
710,3.5
711,4.0
712,3.5
713,3.5
714,4.0
715,4.0
716,2.5
717,4.0
718,2.0
719,3.0
720,4.0
721,4.0
722,4.5
723,4.5
724,1.5
725,3.0
726,4.5
727,3.0
728,3.5
729,4.0
730,4.5
731,3.5
732,4.5
733,3.5
734,4.5
735,4.5
736,4.5
737,3.5
738,3.5
739,4.0
740,3.0
741,4.5
742,5.0
743,4.5
744,4.0
745,2.5
746,4.0
747,1.5
748,4.0
749,2.5
750,2.5
751,1.5
752,3.0
753,3.5
754,5.0
755,4.0
756,4.0
757,3.0
758,5.0
759,3.0
760,4.0
761,4.0
762,4.5
763,2.5
764,3.0
765,3.5
766,5.0
767,4.0
768,4.0
769,4.5
770,5.0
771,2.0
772,5.0
773,4.5
774,3.5
775,2.5
776,4.0
777,3.0
778,1.5
779,4.5
780,4.5
781,4.5
782,4.5
783,2.5
784,4.5
785,4.0
786,4.5
787,4.5
788,4.5
789,4.5
790,2.5
791,4.5
792,5.0
793,3.5
794,2.5
795,3.5
796,4.0
797,4.5
798,4.0
799,2.5
800,5.0
801,4.0
802,3.5
803,3.0
804,4.0
805,2.5
806,2.0
807,4.5
808,2.5
809,4.5
810,3.5
811,5.0
812,2.0
813,5.0
814,4.0
815,2.0
816,4.0
817,4.0
818,3.0
819,4.0
820,3.5
821,2.5
822,5.0
823,3.5
824,2.5
825,3.5
826,3.5
827,3.5
828,4.0
829,4.5
830,3.0
831,5.0
832,4.0
833,3.5
834,4.5
835,5.0
836,2.0
837,4.0
838,4.0
839,3.5
840,3.0
841,3.0
842,4.5
843,4.0
844,4.5
845,2.5
846,4.5
847,4.0
848,4.0
849,2.5
850,4.0
851,2.5
852,2.5
853,3.5
854,2.0
855,4.5
856,2.0
857,5.0
858,4.5
859,1.5
860,5.0
861,4.0
862,3.0
863,3.0
864,2.5
865,2.5
866,4.5
867,4.0
868,3.0
869,5.0
870,3.0
871,2.0
872,2.5
873,3.5
874,4.5
875,3.0
876,2.0
877,2.5
878,3.5
879,3.5
880,4.0
881,4.5
882,2.5
883,4.0
884,5.0
885,3.5
886,3.0
887,3.5
888,3.5
889,4.5
890,3.5
891,4.0
892,2.0
893,1.5
894,3.0
895,2.5
896,5.0
897,3.0
898,5.0
899,4.5
900,2.0
901,4.0
902,4.0
903,2.5
904,4.5
905,3.0
906,4.5
907,4.0
908,4.0
909,3.5
910,4.0
911,3.5
912,4.0
913,3.5
914,4.5
915,3.5
916,4.0
917,3.5
918,4.5
919,4.5
920,4.0
921,2.5
922,5.0
923,4.0
924,4.0
925,4.0
926,2.5
927,4.0
928,4.0
929,3.5
930,3.5
931,4.0
932,4.0
933,3.5
934,4.0
935,5.0
936,5.0
937,3.5
938,3.5
939,4.5
940,3.5
941,3.5
942,5.0
943,4.0
944,3.5
945,2.5
946,4.0
947,4.0
948,3.5
949,3.0
950,3.0
951,4.5
952,3.5
953,4.5
954,4.0
955,2.0
956,2.5
957,5.0
958,4.5
959,5.0
960,5.0
961,1.5
962,2.0
963,4.5
964,3.0
965,3.5
966,2.5
967,3.0
968,4.0
969,4.0
970,4.5
971,4.5
972,3.5
973,4.0
974,3.5
975,3.5
976,3.5
977,3.0
978,2.5
979,4.0
980,4.0
981,5.0
982,3.5
983,3.5
984,4.5
985,5.0
986,1.5
987,4.5
988,4.5
989,4.0
990,4.5
991,1.5
992,3.0
993,4.0
994,4.0
995,4.5
996,3.0
997,3.0
998,4.5
999,2.5
1000,3.0
1001,4.0
1002,4.0
1003,4.0
1004,3.5
1005,3.5
1006,2.0
1007,4.0
1008,3.5
1009,4.0
1010,4.5
1011,4.5
1012,3.0
1013,3.0
1014,3.5
1015,2.0
1016,2.0
1017,4.0
1018,3.0
1019,4.5
1020,4.5
1021,3.5
1022,3.5
1023,4.0
1024,4.5
1025,4.0
1026,3.0
1027,3.0
1028,2.0
1029,4.0
1030,4.0
1031,2.5
1032,4.0
1033,4.0
1034,4.5
1035,4.0
1036,2.5
1037,3.0
1038,1.5
1039,2.0
1040,4.5
1041,2.0
1042,5.0
1043,4.0
1044,3.0
1045,4.0
1046,4.5
1047,3.5
1048,1.0
1049,2.5
1050,1.5
1051,4.5
1052,3.0
1053,3.5
1054,4.0
1055,3.0
1056,2.0
1057,4.5
1058,4.0
1059,4.0
1060,2.5
1061,3.5
1062,4.0
1063,2.5
1064,2.0
1065,3.5
1066,4.0
1067,3.0
1068,5.0
1069,3.0
1070,4.0
1071,5.0
1072,3.0
1073,1.5
1074,4.0
1075,3.5
1076,2.5
1077,2.5
1078,4.5
1079,3.5
1080,1.5
1081,3.5
1082,4.0
1083,4.0
1084,4.5
1085,3.5
1086,4.5
1087,4.0
1088,3.5
1089,4.0
1090,2.0
1091,4.0
1092,4.5
1093,5.0
1094,4.0
1095,4.0
1096,4.0
1097,5.0
1098,5.0
1099,1.5
1100,4.5
1101,5.0
1102,5.0
1103,4.5
1104,4.0
1105,4.5
1106,3.5
1107,2.5
1108,2.0
1109,4.0
1110,4.5
1111,4.5
1112,3.0
1113,4.0
1114,3.0
1115,4.5
1116,4.0
1117,4.0
1118,2.5
1119,4.0
1120,3.0
1121,4.5
1122,3.0
1123,3.5
1124,3.5
1125,3.5
1126,3.5
1127,2.5
1128,3.0
1129,2.5
1130,1.5
1131,4.5
1132,4.0
1133,4.5
1134,4.0
1135,3.0
1136,3.5
1137,2.5
1138,2.5
1139,4.5
1140,3.0
1141,3.0
1142,3.5
1143,4.5
1144,2.5
1145,4.0
1146,4.5
1147,4.0
1148,2.5
1149,4.0
1150,3.0
1151,5.0
1152,3.5
1153,3.0
1154,4.0
1155,4.0
1156,4.0
1157,2.0
1158,4.5
1159,3.5
1160,4.5
1161,4.0
1162,3.0
1163,4.5
1164,2.5
1165,3.5
1166,4.5
1167,4.5
1168,3.0
1169,3.0
1170,4.0
1171,4.5
1172,4.0
1173,4.5
1174,1.0
1175,3.5
1176,2.0
1177,4.0
1178,4.5
1179,3.5
1180,3.5
1181,2.5
1182,5.0
1183,2.5
1184,3.5
1185,4.0
1186,3.0
1187,2.0
1188,3.5
1189,3.5
1190,3.0
1191,3.5
1192,5.0
1193,3.5
1194,2.5
1195,4.0
1196,4.5
1197,5.0
1198,4.0
1199,2.5
1200,2.0
1201,2.5
1202,3.5
1203,5.0
1204,5.0
1205,3.0
1206,1.0
1207,4.0
1208,4.5
1209,3.0
1210,4.0
1211,2.0
1212,2.5
1213,2.5
1214,3.5
1215,2.5
1216,2.5
1217,3.0
1218,4.5
1219,3.5
1220,4.0
1221,4.5
1222,2.0
1223,4.0
1224,4.0
1225,5.0
1226,3.0
1227,2.5
1228,2.0
1229,4.5
1230,2.5
1231,2.5
1232,1.5
1233,4.0
1234,3.0
1235,2.5
1236,5.0
1237,4.0
1238,3.5
1239,2.5
1240,5.0
1241,4.5
1242,4.0
1243,4.0
1244,5.0
1245,1.5
1246,4.0
1247,3.0
1248,5.0
1249,4.5
1250,4.0
1251,5.0
1252,3.5
1253,3.5
1254,3.0
1255,3.5
1256,4.5
1257,4.5
1258,4.5
1259,4.5
1260,3.0
1261,5.0
1262,4.0
1263,4.0
1264,4.0
1265,4.5
1266,3.0
1267,5.0
1268,4.0
1269,5.0
1270,4.5
1271,4.5
1272,4.0
1273,3.5
1274,4.0
1275,2.5
1276,3.0
1277,2.5
1278,4.0
1279,5.0
1280,4.5
1281,3.5
1282,3.5
1283,2.0
1284,4.0
1285,4.5
1286,3.0
1287,2.5
1288,4.0
1289,4.5
1290,4.0
1291,3.0
1292,1.0
1293,5.0
1294,5.0
1295,3.5
1296,4.0
1297,4.5
1298,3.5
1299,1.5
1300,1.5
1301,4.0
1302,2.5
1303,5.0
1304,4.0
1305,4.5
1306,4.5
1307,5.0
1308,5.0
1309,4.0
1310,2.0
1311,4.0
1312,3.5
1313,4.0
1314,3.5
1315,5.0
1316,3.5
1317,2.0
1318,4.0
1319,2.5
1320,3.5
1321,5.0
1322,4.5
1323,2.5
1324,2.5
1325,5.0
1326,3.0
1327,5.0
1328,2.5
1329,1.5
1330,4.0
1331,3.5
1332,1.5
1333,4.5
1334,3.5
1335,3.0
1336,4.0
1337,4.5
1338,2.0
1339,4.0
1340,4.5
1341,3.5
1342,4.5
1343,3.5
1344,3.5
1345,3.5
1346,4.0
1347,4.5
1348,3.0
1349,2.0
1350,3.0
1351,2.0
1352,3.0
1353,5.0
1354,4.0
1355,1.0
1356,4.0
1357,4.5
1358,3.5
1359,2.0
1360,5.0
1361,2.5
1362,3.5
1363,3.5
1364,3.5
1365,3.0
1366,4.0
1367,3.5
1368,4.5
1369,2.5
1370,4.0
1371,2.5
1372,4.0
1373,4.0
1374,4.0
1375,5.0
1376,4.5
1377,4.0
1378,5.0
1379,1.0
1380,3.0
1381,3.5
1382,3.0
1383,4.5
1384,3.0
1385,3.5
1386,4.0
1387,4.0
1388,5.0
1389,5.0
1390,3.5
1391,4.0
1392,3.5
1393,3.5
1394,4.5
1395,4.0
1396,2.5
1397,4.0
1398,5.0
1399,4.5
1400,5.0
1401,2.5
1402,4.5
1403,4.5
1404,4.0
1405,4.0
1406,4.5
1407,5.0
1408,4.0
1409,4.5
1410,4.5
1411,3.0
1412,4.5
1413,5.0
1414,3.5
1415,5.0
1416,3.5
1417,4.5
1418,5.0
1419,2.5
1420,4.5
1421,1.5
1422,5.0
1423,4.0
1424,2.0
1425,3.0
1426,4.5
1427,2.0
1428,1.5
1429,3.5
1430,4.0
1431,2.0
1432,2.5
1433,3.0
1434,1.5
1435,3.5
1436,3.0
1437,4.5
1438,3.5
1439,4.5
1440,4.0
1441,5.0
1442,3.5
1443,5.0
1444,3.5
1445,5.0
1446,3.5
1447,4.0
1448,4.5
1449,4.0
1450,4.0
1451,3.0
1452,4.5
1453,3.5
1454,2.5
1455,5.0
1456,4.0
1457,3.5
1458,4.0
1459,2.5
1460,3.5
1461,4.0
1462,1.5
1463,5.0
1464,3.5
1465,3.0
1466,2.0
1467,2.5
1468,4.0
1469,4.0
1470,5.0
1471,3.0
1472,2.5
1473,1.5
1474,5.0
1475,2.5
1476,1.5
1477,1.0
1478,4.0
1479,4.5
1480,4.0
1481,3.0
1482,2.5
1483,2.0
1484,3.0
1485,4.5
1486,4.0
1487,2.0
1488,4.5
1489,4.0
1490,3.5
1491,3.5
1492,5.0
1493,3.5
1494,3.0
1495,4.0
1496,3.5
1497,2.5
1498,4.0
1499,4.0
1500,4.5
1501,3.5
1502,4.0
1503,2.0
1504,4.0
1505,4.0
1506,2.5
1507,3.5
1508,4.5
1509,5.0
1510,5.0
1511,3.0
1512,2.5
1513,2.5
1514,4.5
1515,3.0
1516,4.0
1517,4.5
1518,4.5
1519,4.5
1520,1.5
1521,3.0
1522,2.5
1523,4.0
1524,4.5
1525,4.0
1526,4.0
1527,3.5
1528,3.5
1529,1.0
1530,3.5
1531,3.5
1532,4.0
1533,3.0
1534,3.5
1535,3.5
1536,3.5
1537,4.0
1538,3.5
1539,2.5
1540,4.0
1541,4.5
1542,4.5
1543,5.0
1544,3.5
1545,4.5
1546,4.0
1547,3.0
1548,3.0
1549,4.5
1550,4.0
1551,2.5
1552,4.0
1553,3.5
1554,2.0
1555,1.5
1556,2.5
1557,3.0
1558,3.5
1559,3.5
1560,3.0
1561,3.0
1562,4.0
1563,5.0
1564,5.0
1565,4.0
1566,4.5
1567,4.5
1568,5.0
1569,5.0
1570,2.0
1571,3.5
1572,4.5
1573,5.0
1574,4.5
1575,4.0
1576,3.5
1577,3.0
1578,2.5
1579,4.5
1580,4.0
1581,3.5
1582,3.5
1583,4.5
1584,2.0
1585,4.0
1586,2.5
1587,2.5
1588,4.5
1589,3.5
1590,5.0
1591,1.5
1592,4.5
1593,5.0
1594,4.5
1595,4.5
1596,3.0
1597,4.5
1598,4.5
1599,3.0
1600,4.5
1601,3.5
1602,2.5
1603,3.5
1604,4.5
1605,4.5
1606,3.5
1607,3.5
1608,3.0
1609,3.0
1610,3.5
1611,4.5
1612,4.0
1613,3.5
1614,3.5
1615,4.0
1616,4.5
1617,4.5
1618,4.0
1619,2.0
1620,2.5
1621,3.5
1622,4.0
1623,3.0
1624,3.5
1625,3.5
1626,3.5
1627,4.5
1628,4.5
1629,4.0
1630,3.5
1631,2.0
1632,2.5
1633,4.5
1634,4.0
1635,5.0
1636,2.5
1637,4.5
1638,4.5
1639,4.5
1640,4.5
1641,4.5
1642,4.5
1643,2.0
1644,3.5
1645,3.5
1646,3.0
1647,5.0
1648,3.5
1649,3.0
1650,1.5
1651,3.0
1652,1.0
1653,2.5
1654,5.0
1655,4.5
1656,4.5
1657,3.5
1658,1.5
1659,2.5
1660,1.0
1661,3.5
1662,3.0
1663,3.0
1664,4.5
1665,2.0
1666,4.5
1667,1.5
1668,3.0
1669,4.0
1670,4.5
1671,2.5
1672,3.5
1673,4.5
1674,3.0
1675,2.5
1676,3.5
1677,5.0
1678,3.5
1679,3.5
1680,2.5
1681,4.5
1682,2.5
1683,4.5
1684,4.5
1685,5.0
1686,3.0
1687,3.0
1688,3.0
1689,3.0
1690,4.0
1691,4.0
1692,4.0
1693,4.5
1694,3.0
1695,4.0
1696,5.0
1697,3.5
1698,5.0
1699,3.5
1700,4.0
1701,4.0
1702,2.5
1703,3.0
1704,5.0
1705,3.5
1706,4.5
1707,4.5
1708,2.0
1709,4.0
1710,3.5
1711,5.0
1712,4.5
1713,4.0
1714,4.0
1715,2.5
1716,1.5
1717,1.5
1718,4.0
1719,4.5
1720,4.0
1721,3.5
1722,4.5
1723,5.0
1724,3.0
1725,5.0
1726,3.0
1727,3.5
1728,3.0
1729,2.5
1730,5.0
1731,5.0
1732,3.5
1733,3.5
1734,3.0
1735,3.0
1736,3.0
1737,4.5
1738,2.0
1739,1.5
1740,3.5
1741,4.0
1742,3.5
1743,3.5
1744,4.0
1745,3.5
1746,5.0
1747,3.0
1748,4.0
1749,4.0
1750,4.0
1751,4.5
1752,3.5
1753,3.5
1754,4.0
1755,4.0
1756,4.5
1757,3.5
1758,5.0
1759,3.5
1760,4.5
1761,2.5
1762,2.5
1763,4.5
1764,4.0
1765,4.0
1766,3.5
1767,4.0
1768,2.5
1769,3.5
1770,3.0
1771,4.5
1772,4.0
1773,4.5
1774,3.0
1775,5.0
1776,4.0
1777,3.5
1778,4.5
1779,2.5
1780,4.5
1781,4.5
1782,3.5
1783,4.0
1784,4.5
1785,3.5
1786,4.5
1787,5.0
1788,3.5
1789,2.5
1790,3.5
1791,3.5
1792,4.5
1793,4.5
1794,3.5
1795,5.0
1796,2.5
1797,4.5
1798,4.5
1799,4.0
1800,3.0
1801,3.0
1802,3.5
1803,4.5
1804,2.0
1805,3.5
1806,4.0
1807,2.5
1808,3.5
1809,3.5
1810,4.5
1811,5.0
1812,2.5
1813,4.0
1814,2.5
1815,4.5
1816,4.5
1817,4.5
1818,4.5
1819,4.0
1820,3.5
1821,2.5
1822,3.5
1823,4.5
1824,4.0
1825,4.0
1826,3.5
1827,2.0
1828,3.0
1829,2.0
1830,4.0
1831,2.5
1832,3.5
1833,5.0
1834,5.0
1835,5.0
1836,1.0
1837,4.0
1838,4.0
1839,2.5
1840,2.0
1841,4.0
1842,3.5
1843,2.0
1844,3.0
1845,4.0
1846,4.5
1847,5.0
1848,2.0
1849,2.0
1850,4.0
1851,3.0
1852,2.0
1853,4.5
1854,4.0
1855,4.5
1856,3.0
1857,5.0
1858,1.5
1859,5.0
1860,1.5
1861,3.5
1862,1.5
1863,4.5
1864,5.0
1865,2.0
1866,2.5
1867,3.0
1868,2.0
1869,5.0
1870,4.0
1871,5.0
1872,2.0
1873,2.0
1874,4.5
1875,4.0
1876,3.5
1877,3.0
1878,3.5
1879,2.5
1880,5.0
1881,5.0
1882,3.5
1883,4.0
1884,3.5
1885,5.0
1886,3.5
1887,3.0
1888,4.0
1889,5.0
1890,4.0
1891,3.5
1892,3.0
1893,4.0
1894,3.5
1895,4.5
1896,5.0
1897,4.0
1898,4.5
1899,4.0
1900,3.5
1901,4.5
1902,3.0
1903,3.5
1904,2.0
1905,3.0
1906,3.5
1907,3.5
1908,4.0
1909,2.5
1910,2.5
1911,4.5
1912,4.0
1913,3.0
1914,2.5
1915,4.0
1916,4.5
1917,3.0
1918,3.0
1919,3.5
1920,4.5
1921,3.5
1922,3.5
1923,3.5
1924,3.0
1925,4.0
1926,3.0
1927,3.5
1928,4.5
1929,4.5
1930,4.0
1931,2.0
1932,4.5
1933,3.5
1934,3.5
1935,5.0
1936,4.0
1937,3.0
1938,4.5
1939,3.5
1940,3.0
1941,2.0
1942,3.0
1943,5.0
1944,3.5
1945,4.5
1946,4.0
1947,4.5
1948,4.5
1949,1.0
1950,4.5
1951,5.0
1952,1.5
1953,5.0
1954,3.0
1955,2.5
1956,5.0
1957,4.5
1958,1.5
1959,3.0
1960,4.5
1961,4.5
1962,2.0
1963,3.5
1964,4.5
1965,4.0
1966,4.0
1967,4.5
1968,2.0
1969,4.0
1970,3.5
1971,3.5
1972,4.5
1973,3.5
1974,4.5
1975,3.5
1976,4.0
1977,4.0
1978,4.0
1979,2.5
1980,4.0
1981,3.0
1982,5.0
1983,3.5
1984,3.0
1985,2.5
1986,4.5
1987,4.5
1988,5.0
1989,4.0
1990,4.0
1991,5.0
1992,2.5
1993,5.0
1994,3.5
1995,1.5
1996,3.5
1997,2.5
1998,5.0
1999,3.5
2000,4.5
2001,2.5
2002,3.0
2003,4.5
2004,4.0
2005,4.0
2006,3.5
2007,4.0
2008,3.5
2009,5.0
2010,4.5
2011,3.5
2012,3.5
2013,3.5
2014,4.5
2015,3.5
2016,4.5
2017,2.5
2018,3.5
2019,4.0
2020,2.5
2021,3.5
2022,5.0
2023,4.5
2024,2.0
2025,4.5
2026,2.5
2027,4.0
2028,3.0
2029,5.0
2030,4.0
2031,4.0
2032,3.5
2033,2.0
2034,3.5
2035,3.5
2036,1.5
2037,3.5
2038,4.5
2039,3.0
2040,4.0
2041,5.0
2042,4.5
2043,3.0
2044,3.5
2045,2.5
2046,3.5
2047,3.5
2048,4.5
2049,4.5
2050,4.0
2051,4.5
2052,3.0
2053,4.0
2054,5.0
2055,3.0
2056,1.0
2057,2.0
2058,4.0
2059,3.0
2060,2.0
2061,5.0
2062,4.0
2063,4.0
2064,3.5
2065,4.5
2066,4.5
2067,4.0
2068,2.5
2069,4.0
2070,3.5
2071,4.0
2072,3.0
2073,4.5
2074,2.0
2075,1.5
2076,4.0
2077,2.5
2078,2.5
2079,4.0
2080,4.0
2081,4.5
2082,4.5
2083,2.5
2084,4.0
2085,3.0
2086,5.0
2087,2.0
2088,3.0
2089,3.0
2090,4.0
2091,3.5
2092,4.0
2093,4.5
2094,3.5
2095,2.0
2096,4.0
2097,2.0
2098,3.0
2099,3.0
2100,3.5
2101,4.0
2102,3.5
2103,3.0
2104,2.5
2105,4.5
2106,1.5
2107,3.5
2108,4.5
2109,3.5
2110,4.0
2111,3.5
2112,4.5
2113,3.5
2114,5.0
2115,3.5
2116,3.5
2117,2.5
2118,4.5
2119,4.5
2120,5.0
2121,2.5
2122,4.0
2123,4.5
2124,4.0
2125,5.0
2126,4.5
2127,4.0
2128,2.0
2129,4.0
2130,2.0
2131,4.0
2132,1.5
2133,3.5
2134,4.5
2135,3.0
2136,1.5
2137,1.5
2138,4.0
2139,3.5
2140,2.0
2141,2.5
2142,4.5
2143,5.0
2144,5.0
2145,3.0
2146,3.0
2147,4.5
2148,4.0
2149,4.5
2150,3.5
2151,3.5
2152,4.0
2153,2.0
2154,3.0
2155,4.0
2156,3.5
2157,4.5
2158,4.0
2159,3.5
2160,5.0
2161,4.0
2162,4.0
2163,4.0
2164,3.0
2165,4.5
2166,3.0
2167,2.5
2168,4.0
2169,3.5
2170,3.5
2171,4.5
2172,2.5
2173,3.5
2174,2.5
2175,3.5
2176,3.5
2177,3.5
2178,4.5
2179,4.0
2180,4.0
2181,4.5
2182,4.5
2183,4.0
2184,3.0
2185,3.0
2186,4.0
2187,4.0
2188,5.0
2189,4.0
2190,2.5
2191,2.5
2192,4.0
2193,4.0
2194,3.5
2195,2.5
2196,5.0
2197,4.5
2198,3.5
2199,4.5
2200,4.5
2201,3.5
2202,2.5
2203,4.5
2204,3.5
2205,4.0
2206,4.0
2207,3.5
2208,2.0
2209,3.5
2210,4.0
2211,2.0
2212,3.5
2213,3.5
2214,3.5
2215,3.5
2216,2.0
2217,2.0
2218,2.0
2219,2.5
2220,4.5
2221,2.0
2222,5.0
2223,2.5
2224,4.5
2225,1.5
2226,2.5
2227,4.0
2228,3.0
2229,3.5
2230,4.5
2231,3.5
2232,4.5
2233,4.5
2234,4.5
2235,4.5
2236,5.0
2237,5.0
2238,4.0
2239,4.0
2240,4.5
2241,4.5
2242,5.0
2243,5.0
2244,2.0
2245,4.5
2246,4.5
2247,1.0
2248,4.5
2249,3.5
2250,4.5
2251,4.5
2252,4.0
2253,4.5
2254,4.5
2255,4.5
2256,1.5
2257,4.5
2258,4.0
2259,4.0
2260,4.0
2261,4.5
2262,4.5
2263,5.0
2264,4.5
2265,3.0
2266,2.5
2267,3.5
2268,3.5
2269,3.5
2270,4.5
2271,4.5
2272,4.5
2273,2.0
2274,5.0
2275,3.5
2276,2.5
2277,3.5
2278,5.0
2279,2.0
2280,4.5
2281,3.5
2282,5.0
2283,3.5
2284,3.0
2285,4.0
2286,5.0
2287,3.5
2288,3.0
2289,2.0
2290,5.0
2291,4.0
2292,4.0
2293,3.5
2294,4.0
2295,3.5
2296,2.0
2297,2.5
2298,4.0
2299,3.5
2300,2.5
2301,5.0
2302,3.0
2303,3.5
2304,2.5
2305,4.5
2306,4.5
2307,4.0
2308,4.5
2309,3.5
2310,4.5
2311,3.0
2312,2.0
2313,5.0
2314,4.5
2315,4.0
2316,2.5
2317,2.5
2318,3.5
2319,2.5
2320,4.0
2321,4.0
2322,5.0
2323,4.5
2324,1.5
2325,4.0
2326,5.0
2327,4.5
2328,3.5
2329,3.5
2330,3.5
2331,3.0
2332,4.5
2333,2.5
2334,4.5
2335,4.0
2336,2.0
2337,3.5
2338,2.0
2339,2.0
2340,5.0
2341,3.0
2342,3.5
2343,4.5
2344,3.0
2345,4.0
2346,4.5
2347,4.0
2348,4.0
2349,4.0
2350,2.0
2351,3.5
2352,2.5
2353,3.0
2354,3.0
2355,3.0
2356,1.5
2357,2.5
2358,4.0
2359,3.5
2360,2.5
2361,2.0
2362,4.0
2363,2.0
2364,3.5
2365,2.0
2366,3.0
2367,4.5
2368,2.5
2369,3.5
2370,3.5
2371,5.0
2372,3.5
2373,2.5
2374,4.5
2375,4.5
2376,4.5
2377,2.5
2378,4.5
2379,4.0
2380,4.0
2381,4.5
2382,3.0
2383,4.0
2384,3.0
2385,3.5
2386,3.0
2387,3.0
2388,3.5
2389,5.0
2390,5.0
2391,3.0
2392,3.0
2393,3.5
2394,3.5
2395,4.0
2396,3.5
2397,3.0
2398,4.0
2399,5.0
2400,4.5
2401,3.5
2402,4.5
2403,3.5
2404,4.5
2405,3.5
2406,2.5
2407,3.0
2408,4.0
2409,1.5
2410,4.0
2411,3.0
2412,1.5
2413,3.5
2414,2.0
2415,3.0
2416,3.0
2417,2.5
2418,3.0
2419,2.5
2420,4.0
2421,4.5
2422,2.5
2423,4.5
2424,4.0
2425,2.5
2426,4.0
2427,3.0
2428,3.0
2429,3.0
2430,2.0
2431,4.0
2432,3.5
2433,2.5
2434,4.5
2435,4.5
2436,3.5
2437,5.0
2438,3.5
2439,3.5
2440,3.5
2441,3.5
2442,4.0
2443,1.5
2444,3.5
2445,3.0
2446,3.5
2447,1.5
2448,4.0
2449,4.5
2450,4.5
2451,2.5
2452,3.0
2453,4.0
2454,4.5
2455,4.5
2456,2.0
2457,4.5
2458,4.0
2459,4.5
2460,5.0
2461,3.0
2462,3.5
2463,3.5
2464,5.0
2465,4.0
2466,3.0
2467,4.5
2468,3.5
2469,2.5
2470,2.5
2471,3.0
2472,3.5
2473,3.5
2474,2.0
2475,2.5
2476,2.0
2477,1.5
2478,3.0
2479,5.0
2480,3.5
2481,4.5
2482,3.5
2483,4.5
2484,4.0
2485,4.5
2486,3.5
2487,3.5
2488,3.5
2489,2.5
2490,4.5
2491,4.0
2492,4.0
2493,4.0
2494,4.0
2495,4.0
2496,4.5
2497,3.5
2498,4.5
2499,4.0
2500,4.0
2501,5.0
2502,3.5
2503,3.0
2504,3.5
2505,3.0
2506,2.0
2507,4.5
2508,4.5
2509,2.0
2510,4.0
2511,4.0
2512,4.5
2513,2.5
2514,4.0
2515,4.5
2516,4.0
2517,1.5
2518,3.5
2519,5.0
2520,1.5
2521,3.0
2522,3.5
2523,3.0
2524,4.0
2525,4.0
2526,2.0
2527,4.0
2528,5.0
2529,4.5
2530,4.5
2531,3.5
2532,5.0
2533,4.5
2534,4.0
2535,4.5
2536,4.5
2537,4.0
2538,4.5
2539,2.0
2540,4.5
2541,4.5
2542,4.0
2543,3.0
2544,3.5
2545,1.5
2546,3.5
2547,4.0
2548,3.5
2549,3.0
2550,5.0
2551,2.5
2552,2.0
2553,3.0
2554,1.5
2555,4.5
2556,2.5
2557,3.5
2558,2.5
2559,4.0
2560,3.5
2561,2.5
2562,4.5
2563,4.5
2564,5.0
2565,3.0
2566,1.0
2567,1.5
2568,4.5
2569,2.5
2570,1.5
2571,3.5
2572,2.0
2573,4.5
2574,3.0
2575,4.0
2576,3.5
2577,4.0
2578,4.5
2579,4.0
2580,4.5
2581,3.5
2582,4.0
2583,3.0
2584,5.0
2585,4.5
2586,4.0
2587,4.5
2588,2.0
2589,4.0
2590,4.5
2591,3.0
2592,2.5
2593,4.0
2594,4.5
2595,3.5
2596,3.5
2597,3.0
2598,3.5
2599,4.5
2600,5.0
2601,3.5
2602,3.5
2603,3.5
2604,4.0
2605,2.5
2606,3.0
2607,4.5
2608,3.5
2609,5.0
2610,3.0
2611,2.5
2612,4.5
2613,4.5
2614,3.5
2615,2.5
2616,3.5
2617,1.5
2618,3.0
2619,4.0
2620,4.0
2621,3.0
2622,1.5
2623,3.5
2624,4.5
2625,4.0
2626,2.5
2627,5.0
2628,3.0
2629,5.0
2630,3.5
2631,4.0
2632,3.0
2633,4.5
2634,4.0
2635,3.0
2636,1.5
2637,1.0
2638,3.5
2639,3.0
2640,3.0
2641,4.0
2642,5.0
2643,2.0
2644,4.5
2645,4.0
2646,4.5
2647,3.5
2648,4.0
2649,3.0
2650,4.0
2651,2.0
2652,4.5
2653,2.0
2654,4.0
2655,5.0
2656,1.5
2657,3.0
2658,4.5
2659,4.0
2660,5.0
2661,4.5
2662,3.0
2663,4.0
2664,3.5
2665,3.5
2666,5.0
2667,3.0
2668,1.5
2669,4.5
2670,4.5
2671,3.0
2672,5.0
2673,4.0
2674,3.5
2675,4.0
2676,4.5
2677,4.0
2678,1.0
2679,3.5
2680,4.5
2681,4.5
2682,2.5
2683,3.5
2684,5.0
2685,4.5
2686,4.5
2687,4.0
2688,1.5
2689,4.5
2690,4.0
2691,2.5
2692,5.0
2693,3.0
2694,4.0
2695,3.0
2696,4.5
2697,5.0
2698,4.5
2699,3.0
2700,4.0
2701,3.0
2702,4.5
2703,4.0
2704,4.0
2705,4.0
2706,3.5
2707,3.0
2708,1.0
2709,4.0
2710,3.0
2711,4.5
2712,3.0
2713,2.0
2714,4.0
2715,3.0
2716,4.0
2717,4.5
2718,1.0
2719,2.5
2720,2.5
2721,5.0
2722,4.5
2723,1.5
2724,4.0
2725,4.0
2726,2.5
2727,3.5
2728,3.5
2729,3.5
2730,4.0
2731,4.5
2732,4.5
2733,2.5
2734,4.0
2735,3.5
2736,3.5
2737,3.5
2738,3.5
2739,4.0
2740,3.0
2741,4.0
2742,5.0
2743,4.5
2744,4.5
2745,5.0
2746,4.5
2747,2.0
2748,3.5
2749,3.0
2750,3.5
2751,3.0
2752,2.5
2753,2.5
2754,3.5
2755,3.0
2756,2.0
2757,3.5
2758,2.0
2759,4.5
2760,3.5
2761,3.0
2762,4.0
2763,2.0
2764,4.5
2765,3.5
2766,3.0
2767,4.0
2768,4.0
2769,4.5
2770,3.0
2771,4.5
2772,4.0
2773,2.5
2774,4.0
2775,4.0
2776,1.5
2777,4.0
2778,4.0
2779,5.0
2780,1.0
2781,4.0
2782,2.5
2783,4.0
2784,4.0
2785,4.5
2786,4.0
2787,3.5
2788,4.0
2789,2.5
2790,4.0
2791,3.5
2792,3.0
2793,2.0
2794,4.5
2795,4.0
2796,3.0
2797,3.5
2798,4.0
2799,1.5
2800,4.5
2801,4.5
2802,4.5
2803,3.5
2804,4.5
2805,3.5
2806,5.0
2807,4.0
2808,4.5
2809,1.5
2810,3.0
2811,3.5
2812,4.0
2813,1.5
2814,4.5
2815,5.0
2816,2.5
2817,4.0
2818,4.0
2819,1.5
2820,4.5
2821,2.5
2822,2.5
2823,4.0
2824,3.0
2825,3.5
2826,4.0
2827,4.5
2828,5.0
2829,3.0
2830,2.0
2831,4.5
2832,4.0
2833,4.0
2834,4.5
2835,4.0
2836,5.0
2837,3.5
2838,4.0
2839,3.0
2840,4.0
2841,2.5
2842,4.0
2843,2.0
2844,4.0
2845,2.0
2846,3.0
2847,2.5
2848,4.5
2849,4.0
2850,3.0
2851,4.0
2852,4.5
2853,4.5
2854,3.0
2855,4.5
2856,4.5
2857,2.0
2858,3.0
2859,5.0
2860,1.5
2861,2.5
2862,2.5
2863,4.5
2864,1.5
2865,3.5
2866,2.0
2867,3.0
2868,2.0
2869,3.0
2870,5.0
2871,3.5
2872,4.5
2873,3.5
2874,3.0
2875,2.0
2876,2.0
2877,5.0
2878,4.0
2879,2.0
2880,4.5
2881,4.5
2882,5.0
2883,3.0
2884,3.5
2885,4.5
2886,4.0
2887,3.5
2888,4.0
2889,3.5
2890,2.0
2891,5.0
2892,1.0
2893,4.5
2894,4.5
2895,2.5
2896,5.0
2897,4.0
2898,3.5
2899,3.5
2900,4.5
2901,2.5
2902,3.5
2903,2.0
2904,3.0
2905,4.0
2906,2.5
2907,4.0
2908,4.5
2909,3.5
2910,2.5
2911,2.0
2912,5.0
2913,4.5
2914,3.0
2915,4.5
2916,2.0
2917,4.5
2918,1.5
2919,4.5
2920,4.0
2921,3.5
2922,3.0
2923,3.5
2924,2.5
2925,4.5
2926,1.5
2927,2.5
2928,5.0
2929,3.5
2930,2.0
2931,3.0
2932,3.5
2933,2.0
2934,4.5
2935,4.5
2936,2.0
2937,2.0
2938,5.0
2939,3.0
2940,2.5
2941,4.5
2942,5.0
2943,4.0
2944,3.0
2945,4.0
2946,3.5
2947,3.5
2948,3.5
2949,4.0
2950,3.5
2951,2.0
2952,1.5
2953,4.5
2954,2.0
2955,4.5
2956,4.5
2957,3.5
2958,4.0
2959,2.0
2960,1.5
2961,1.5
2962,2.0
2963,3.0
2964,4.0
2965,3.5
2966,5.0
2967,5.0
2968,3.0
2969,4.0
2970,3.5
2971,4.0
2972,2.5
2973,3.5
2974,3.0
2975,3.0
2976,2.0
2977,4.0
2978,3.0
2979,4.5
2980,3.0
2981,2.0
2982,2.5
2983,4.0
2984,2.5
2985,2.0
2986,4.5
2987,3.5
2988,4.0
2989,2.0
2990,3.5
2991,5.0
2992,3.0
2993,5.0
2994,3.5
2995,3.5
2996,5.0
2997,4.0
2998,4.5
2999,4.5
3000,3.5
3001,4.0
3002,2.5
3003,4.5
3004,1.5
3005,3.0
3006,1.5
3007,5.0
3008,2.0
3009,4.0
3010,4.0
3011,3.5
3012,5.0
3013,3.0
3014,2.5
3015,4.5
3016,2.5
3017,5.0
3018,5.0
3019,4.5
3020,2.0
3021,4.5
3022,4.5
3023,4.0
3024,4.0
3025,4.0
3026,3.0
3027,4.0
3028,3.0
3029,4.5
3030,3.5
3031,3.0
3032,2.0
3033,4.5
3034,4.0
3035,3.0
3036,2.5
3037,4.0
3038,3.0
3039,2.5
3040,1.0
3041,4.0
3042,3.5
3043,4.0
3044,4.5
3045,3.0
3046,3.0
3047,3.0
3048,2.5
3049,3.0
3050,4.0
3051,4.0
3052,3.5
3053,5.0
3054,4.5
3055,4.0
3056,4.5
3057,2.0
3058,4.5
3059,3.5
3060,4.0
3061,4.5
3062,1.5
3063,4.5
3064,3.0
3065,3.5
3066,3.5
3067,3.5
3068,4.0
3069,1.0
3070,3.5
3071,3.5
3072,3.5
3073,5.0
3074,3.5
3075,2.0
3076,3.5
3077,3.0
3078,1.5
3079,4.5
3080,2.5
3081,3.0
3082,4.5
3083,4.0
3084,4.5
3085,2.0
3086,3.0
3087,5.0
3088,4.0
3089,4.0
3090,4.5
3091,3.0
3092,3.0
3093,3.5
3094,3.0
3095,2.5
3096,2.5
3097,4.5
3098,3.0
3099,4.5
3100,3.5
3101,3.5
3102,4.0
3103,4.0
3104,4.0
3105,3.0
3106,3.5
3107,3.5
3108,4.0
3109,5.0
3110,2.0
3111,4.5
3112,4.0
3113,3.0
3114,4.0
3115,2.5
3116,2.5
3117,3.0
3118,5.0
3119,4.5
3120,4.5
3121,3.0
3122,4.5
3123,2.0
3124,2.5
3125,4.5
3126,2.5
3127,5.0
3128,1.5
3129,1.5
3130,4.0
3131,4.5
3132,4.0
3133,4.5
3134,4.5
3135,5.0
3136,2.5
3137,4.5
3138,4.0
3139,3.5
3140,5.0
3141,4.5
3142,4.5
3143,4.5
3144,3.0
3145,4.0
3146,4.0
3147,4.0
3148,5.0
3149,4.5
3150,3.5
3151,2.5
3152,4.0
3153,2.5
3154,4.0
3155,3.0
3156,3.5
3157,3.5
3158,2.5
3159,4.0
3160,4.0
3161,4.0
3162,2.5
3163,2.0
3164,4.0
3165,2.5
3166,5.0
3167,4.5
3168,3.0
3169,3.5
3170,5.0
3171,4.5
3172,4.0
3173,4.5
3174,4.0
3175,3.5
3176,5.0
3177,5.0
3178,4.5
3179,2.5
3180,2.5
3181,2.5
3182,3.5
3183,4.5
3184,4.0
3185,3.5
3186,5.0
3187,2.5
3188,4.0
3189,4.0
3190,3.0
3191,3.5
3192,3.0
3193,5.0
3194,2.5
3195,3.0
3196,5.0
3197,1.0
3198,4.0
3199,5.0
3200,2.5
3201,2.5
3202,3.5
3203,2.0
3204,4.5
3205,5.0
3206,5.0
3207,3.0
3208,4.5
3209,4.0
3210,4.5
3211,4.5
3212,3.5
3213,2.5
3214,3.5
3215,2.5
3216,3.0
3217,4.0
3218,4.0
3219,5.0
3220,4.5
3221,4.5
3222,4.5
3223,2.5
3224,2.0
3225,3.0
3226,2.5
3227,3.5
3228,4.5
3229,4.0
3230,4.5
3231,1.5
3232,2.0
3233,2.0
3234,1.5
3235,5.0
3236,3.0
3237,4.0
3238,4.0
3239,3.5
3240,3.5
3241,3.5
3242,4.0
3243,4.5
3244,3.0
3245,3.5
3246,3.0
3247,2.5
3248,3.5
3249,4.5
3250,1.5
3251,3.5
3252,4.0
3253,2.0
3254,3.5
3255,3.0
3256,3.5
3257,1.5
3258,3.5
3259,3.5
3260,3.5
3261,4.5
3262,2.5
3263,5.0
3264,4.5
3265,2.5
3266,3.0
3267,1.5
3268,3.5
3269,4.5
3270,3.5
3271,4.5
3272,4.0
3273,3.0
3274,4.0
3275,4.0
3276,4.0
3277,1.0
3278,2.5
3279,1.0
3280,5.0
3281,2.0
3282,3.0
3283,3.0
3284,2.0
3285,4.0
3286,4.0
3287,3.0
3288,4.5
3289,2.0
3290,5.0
3291,4.0
3292,5.0
3293,2.5
3294,1.5
3295,3.5
3296,4.0
3297,3.5
3298,4.0
3299,2.0
3300,5.0
3301,4.0
3302,3.0
3303,4.0
3304,2.5
3305,4.5
3306,4.0
3307,4.0
3308,2.0
3309,4.0
3310,2.5
3311,5.0
3312,4.5
3313,2.5
3314,3.0
3315,4.0
3316,3.5
3317,4.0
3318,3.0
3319,4.0
3320,3.5
3321,3.0
3322,3.5
3323,3.0
3324,4.0
3325,5.0
3326,3.0
3327,5.0
3328,3.5
3329,2.0
3330,3.5
3331,3.5
3332,5.0
3333,3.5
3334,4.5
3335,4.0
3336,4.5
3337,3.5
3338,4.5
3339,3.5
3340,2.5
3341,1.5
3342,3.0
3343,3.5
3344,3.0
3345,4.0
3346,1.5
3347,3.0
3348,3.5
3349,4.0
3350,4.5
3351,4.0
3352,2.0
3353,4.5
3354,4.5
3355,4.5
3356,4.0
3357,4.0
3358,2.5
3359,4.5
3360,4.5
3361,2.5
3362,1.0
3363,2.5
3364,3.5
3365,3.0
3366,3.0
3367,4.0
3368,2.0
3369,4.5
3370,4.0
3371,3.0
3372,4.5
3373,5.0
3374,4.0
3375,4.5
3376,3.0
3377,4.0
3378,1.5
3379,4.0
3380,3.5
3381,2.5
3382,3.5
3383,3.0
3384,2.5
3385,3.0
3386,5.0
3387,5.0
3388,3.5
3389,4.5
3390,4.5
3391,5.0
3392,3.5
3393,4.0
3394,3.0
3395,4.0
3396,3.5
3397,5.0
3398,4.0
3399,3.5
3400,5.0
3401,5.0
3402,5.0
3403,2.5
3404,4.0
3405,4.0
3406,3.5
3407,3.5
3408,4.0
3409,3.5
3410,3.5
3411,5.0
3412,5.0
3413,4.5
3414,4.5
3415,4.5
3416,3.0
3417,3.5
3418,3.0
3419,3.0
3420,2.5
3421,3.5
3422,3.5
3423,3.0
3424,3.0
3425,2.5
3426,3.5
3427,3.0
3428,2.5
3429,5.0
3430,2.5
3431,4.5
3432,4.5
3433,4.0
3434,3.0
3435,5.0
3436,3.5
3437,3.5
3438,3.5
3439,2.5
3440,4.5
3441,4.0
3442,4.5
3443,4.0
3444,4.0
3445,1.5
3446,4.5
3447,4.5
3448,2.5
3449,5.0
3450,4.0
3451,3.5
3452,4.5
3453,4.0
3454,4.5
3455,2.5
3456,2.5
3457,4.5
3458,4.0
3459,4.5
3460,4.5
3461,4.5
3462,4.0
3463,3.0
3464,2.0
3465,3.0
3466,4.0
3467,4.0
3468,3.5
3469,4.5
3470,4.0
3471,3.0
3472,1.5
3473,3.0
3474,5.0
3475,4.0
3476,4.0
3477,5.0
3478,2.0
3479,3.5
3480,3.5
3481,3.5
3482,4.5
3483,3.0
3484,4.5
3485,4.5
3486,2.0
3487,2.0
3488,3.5
3489,4.0
3490,4.5
3491,3.0
3492,4.0
3493,1.5
3494,4.5
3495,5.0
3496,3.5
3497,4.5
3498,5.0
3499,3.5
3500,3.5
3501,4.5
3502,3.0
3503,4.5
3504,3.5
3505,3.5
3506,3.5
3507,4.0
3508,2.5
3509,4.5
3510,5.0
3511,3.5
3512,2.5
3513,5.0
3514,4.5
3515,4.5
3516,4.0
3517,4.0
3518,4.0
3519,3.0
3520,3.5
3521,5.0
3522,5.0
3523,3.5
3524,2.0
3525,4.0
3526,2.0
3527,4.0
3528,3.5
3529,3.0
3530,1.5
3531,2.0
3532,1.5
3533,1.5
3534,3.0
3535,4.0
3536,3.5
3537,4.0
3538,2.5
3539,3.0
3540,2.5
3541,2.0
3542,4.5
3543,4.5
3544,2.5
3545,4.0
3546,4.0
3547,3.0
3548,3.5
3549,4.5
3550,3.0
3551,3.0
3552,3.5
3553,2.5
3554,4.0
3555,3.0
3556,3.5
3557,2.0
3558,4.5
3559,5.0
3560,5.0
3561,1.0
3562,4.0
3563,5.0
3564,4.0
3565,5.0
3566,2.0
3567,4.5
3568,5.0
3569,3.0
3570,4.0
3571,3.0
3572,2.5
3573,3.5
3574,3.5
3575,3.0
3576,4.0
3577,5.0
3578,4.5
3579,3.5
3580,4.5
3581,3.5
3582,4.5
3583,4.0
3584,1.5
3585,4.0
3586,4.5
3587,2.0
3588,4.5
3589,4.5
3590,5.0
3591,3.0
3592,2.5
3593,2.5
3594,3.5
3595,3.0
3596,4.5
3597,1.5
3598,4.0
3599,4.0
3600,3.5
3601,3.5
3602,3.0
3603,4.5
3604,3.5
3605,2.5
3606,5.0
3607,3.5
3608,3.0
3609,4.0
3610,4.0
3611,3.5
3612,5.0
3613,3.0
3614,4.0
3615,4.5
3616,3.5
3617,5.0
3618,4.5
3619,4.0
3620,3.5
3621,5.0
3622,4.0
3623,3.5
3624,4.5
3625,4.0
3626,4.5
3627,3.5
3628,3.5
3629,3.0
3630,3.0
3631,3.5
3632,3.0
3633,4.5
3634,3.0
3635,4.0
3636,4.5
3637,3.5
3638,4.5
3639,4.5
3640,5.0
3641,4.5
3642,4.0
3643,3.5
3644,3.0
3645,4.5
3646,3.5
3647,4.0
3648,2.5
3649,4.0
3650,4.0
3651,3.5
3652,4.5
3653,3.0
3654,4.5
3655,5.0
3656,4.5
3657,3.5
3658,4.0
3659,5.0
3660,1.5
3661,3.0
3662,2.5
3663,3.0
3664,4.5
3665,4.0
3666,1.5
3667,5.0
3668,4.5
3669,5.0
3670,2.0
3671,3.0
3672,4.5
3673,3.5
3674,3.5
3675,1.5
3676,1.5
3677,3.0
3678,4.0
3679,4.5
3680,3.5
3681,3.0
3682,5.0
3683,4.5
3684,4.0
3685,4.0
3686,2.5
3687,4.0
3688,3.5
3689,4.0
3690,4.0
3691,1.5
3692,4.5
3693,3.0
3694,2.5
3695,3.5
3696,2.0
3697,2.0
3698,4.5
3699,5.0
3700,3.5
3701,4.0
3702,4.5
3703,3.0
3704,4.5
3705,3.5
3706,1.5
3707,2.5
3708,4.0
3709,4.0
3710,4.0
3711,4.5
3712,3.5
3713,4.5
3714,3.5
3715,4.5
3716,3.0
3717,4.5
3718,4.5
3719,4.0
3720,3.0
3721,4.5
3722,3.5
3723,4.0
3724,2.5
3725,4.0
3726,2.5
3727,4.5
3728,3.5
3729,4.0
3730,3.5
3731,3.5
3732,2.5
3733,3.5
3734,4.5
3735,4.5
3736,4.5
3737,3.5
3738,4.5
3739,3.0
3740,4.0
3741,4.0
3742,3.5
3743,5.0
3744,2.5
3745,4.5
3746,5.0
3747,4.5
3748,3.0
3749,4.0
3750,4.0
3751,3.0
3752,3.0
3753,4.5
3754,4.5
3755,4.5
3756,2.5
3757,4.5
3758,5.0
3759,5.0
3760,3.0
3761,3.0
3762,5.0
3763,3.0
3764,4.5
3765,4.5
3766,4.0
3767,4.5
3768,4.5
3769,2.0
3770,3.0
3771,3.0
3772,3.5
3773,4.5
3774,5.0
3775,2.0
3776,3.0
3777,4.0
3778,2.5
3779,4.5
3780,4.0
3781,3.5
3782,2.5
3783,3.0
3784,5.0
3785,2.0
3786,4.5
3787,2.5
3788,4.5
3789,1.5
3790,2.5
3791,3.5
3792,5.0
3793,4.5
3794,5.0
3795,3.5
3796,2.0
3797,2.5
3798,3.0
3799,3.0
3800,4.0
3801,4.5
3802,3.5
3803,2.5
3804,5.0
3805,2.5
3806,2.5
3807,2.5
3808,4.5
3809,3.5
3810,4.5
3811,5.0
3812,5.0
3813,5.0
3814,2.5
3815,4.0
3816,3.5
3817,4.5
3818,5.0
3819,5.0
3820,4.0
3821,3.5
3822,4.5
3823,5.0
3824,4.5
3825,4.0
3826,4.0
3827,2.0
3828,3.0
3829,5.0
3830,3.5
3831,3.5
3832,4.5
3833,3.5
3834,3.0
3835,3.5
3836,3.5
3837,1.5
3838,5.0
3839,2.5
3840,4.0
3841,3.0
3842,3.5
3843,4.5
3844,5.0
3845,5.0
3846,2.0
3847,4.5
3848,2.0
3849,4.0
3850,2.5
3851,2.5
3852,3.0
3853,2.5
3854,3.5
3855,4.5
3856,4.5
3857,2.5
3858,4.5
3859,4.0
3860,2.5
3861,3.5
3862,5.0
3863,3.5
3864,4.0
3865,4.5
3866,4.5
3867,4.0
3868,3.0
3869,4.5
3870,4.0
3871,5.0
3872,5.0
3873,3.0
3874,3.5
3875,5.0
3876,3.5
3877,4.5
3878,2.5
3879,3.5
3880,4.0
3881,2.0
3882,3.5
3883,2.5
3884,1.5
3885,5.0
3886,4.5
3887,4.5
3888,4.5
3889,5.0
3890,4.5
3891,2.0
3892,3.5
3893,4.0
3894,4.5
3895,5.0
3896,3.0
3897,2.5
3898,3.5
3899,3.5
3900,2.5
3901,5.0
3902,5.0
3903,5.0
3904,2.5
3905,3.0
3906,2.5
3907,3.0
3908,2.5
3909,3.5
3910,2.5
3911,3.0
3912,4.0
3913,4.5
3914,2.5
3915,3.5
3916,4.5
3917,4.0
3918,5.0
3919,3.5
3920,4.5
3921,5.0
3922,4.0
3923,4.0
3924,2.0
3925,3.0
3926,4.0
3927,2.0
3928,2.0
3929,3.5
3930,4.5
3931,1.0
3932,3.0
3933,4.5
3934,3.0
3935,2.5
3936,3.0
3937,4.5
3938,4.0
3939,4.0
3940,3.0
3941,5.0
3942,3.0
3943,3.5
3944,3.0
3945,1.5
3946,3.5
3947,2.0
3948,3.5
3949,4.5
3950,4.5
3951,2.5
3952,2.5
3953,5.0
3954,2.0
3955,4.0
3956,1.0
3957,3.5
3958,5.0
3959,3.0
3960,4.0
3961,4.5
3962,4.0
3963,4.0
3964,5.0
3965,2.5
3966,3.0
3967,3.5
3968,2.5
3969,2.5
3970,4.5
3971,4.0
3972,3.0
3973,3.5
3974,4.0
3975,4.0
3976,4.0
3977,4.5
3978,1.5
3979,5.0
3980,4.5
3981,4.0
3982,4.0
3983,3.0
3984,2.0
3985,4.0
3986,2.5
3987,4.0
3988,2.0
3989,4.0
3990,2.0
3991,2.5
3992,5.0
3993,2.5
3994,4.5
3995,3.5
3996,3.0
3997,4.5
3998,2.5
3999,4.0
4000,3.5
4001,5.0
4002,3.5
4003,4.0
4004,4.5
4005,3.5
4006,3.5
4007,3.5
4008,5.0
4009,4.0
4010,4.0
4011,2.0
4012,3.5
4013,1.0
4014,4.5
4015,3.0
4016,4.0
4017,4.0
4018,4.5
4019,5.0
4020,4.0
4021,5.0
4022,5.0
4023,5.0
4024,3.0
4025,3.5
4026,1.5
4027,3.5
4028,3.0
4029,1.5
4030,5.0
4031,5.0
4032,3.0
4033,5.0
4034,2.0
4035,5.0
4036,1.5
4037,5.0
4038,3.0
4039,3.5
4040,1.5
4041,2.5
4042,3.5
4043,4.5
4044,3.5
4045,2.0
4046,2.0
4047,1.0
4048,4.0
4049,4.5
4050,4.5
4051,2.0
4052,4.0
4053,3.5
4054,3.0
4055,4.0
4056,4.0
4057,3.5
4058,5.0
4059,4.0
4060,3.0
4061,1.0
4062,4.5
4063,4.0
4064,3.5
4065,1.5
4066,3.5
4067,5.0
4068,3.0
4069,5.0
4070,4.5
4071,4.0
4072,2.5
4073,3.0
4074,4.0
4075,5.0
4076,5.0
4077,5.0
4078,5.0
4079,4.0
4080,3.5
4081,4.0
4082,4.0
4083,4.0
4084,4.5
4085,3.5
4086,3.5
4087,2.5
4088,4.0
4089,1.0
4090,2.0
4091,2.0
4092,3.0
4093,2.5
4094,4.5
4095,5.0
4096,4.0
4097,3.5
4098,4.5
4099,4.0
4100,3.5
4101,5.0
4102,4.0
4103,2.5
4104,3.5
4105,2.5
4106,4.0
4107,5.0
4108,4.5
4109,5.0
4110,3.5
4111,4.5
4112,5.0
4113,4.0
4114,1.5
4115,4.5
4116,2.0
4117,4.0
4118,2.5
4119,3.5
4120,4.0
4121,4.5
4122,4.5
4123,5.0
4124,4.5
4125,3.5
4126,4.5
4127,3.0
4128,4.0
4129,3.5
4130,4.0
4131,4.5
4132,4.5
4133,4.0
4134,5.0
4135,2.0
4136,4.0
4137,2.5
4138,2.5
4139,3.5
4140,5.0
4141,4.5
4142,5.0
4143,2.5
4144,4.5
4145,3.5
4146,4.0
4147,4.0
4148,2.0
4149,4.0
4150,5.0
4151,3.5
4152,3.5
4153,4.5
4154,5.0
4155,3.0
4156,3.5
4157,4.0
4158,5.0
4159,4.5
4160,3.5
4161,1.5
4162,4.0
4163,2.5
4164,3.0
4165,5.0
4166,3.5
4167,4.0
4168,4.5
4169,4.0
4170,3.5
4171,3.5
4172,4.0
4173,3.5
4174,4.0
4175,3.0
4176,4.5
4177,5.0
4178,4.5
4179,1.0
4180,4.0
4181,2.0
4182,2.5
4183,5.0
4184,5.0
4185,4.0
4186,3.5
4187,1.5
4188,5.0
4189,4.0
4190,2.5
4191,3.0
4192,5.0
4193,4.5
4194,4.5
4195,2.0
4196,4.5
4197,5.0
4198,1.5
4199,3.5
4200,4.0
4201,4.0
4202,4.0
4203,5.0
4204,2.0
4205,5.0
4206,2.5
4207,4.5
4208,4.5
4209,3.5
4210,3.5
4211,4.5
4212,4.0
4213,3.5
4214,2.5
4215,3.5
4216,4.0
4217,2.5
4218,2.5
4219,3.5
4220,1.5
4221,4.0
4222,2.5
4223,3.0
4224,4.5
4225,4.0
4226,4.5
4227,3.5
4228,3.5
4229,3.0
4230,4.0
4231,4.0
4232,4.0
4233,3.5
4234,4.0
4235,5.0
4236,4.5
4237,5.0
4238,4.5
4239,4.5
4240,4.5
4241,2.5
4242,2.0
4243,4.5
4244,4.0
4245,4.5
4246,3.0
4247,4.0
4248,3.5
4249,4.5
4250,3.0
4251,4.0
4252,4.0
4253,4.0
4254,5.0
4255,4.0
4256,3.5
4257,3.5
4258,3.5
4259,4.5
4260,3.5
4261,5.0
4262,2.5
4263,3.0
4264,5.0
4265,2.5
4266,3.5
4267,5.0
4268,3.0
4269,2.5
4270,3.5
4271,4.5
4272,2.5
4273,3.5
4274,4.0
4275,4.0
4276,3.5
4277,4.0
4278,4.5
4279,3.0
4280,2.0
4281,2.5
4282,4.5
4283,4.5
4284,2.5
4285,4.5
4286,4.5
4287,3.5
4288,3.5
4289,4.0
4290,4.5
4291,3.5
4292,4.0
4293,3.0
4294,3.0
4295,3.0
4296,3.0
4297,5.0
4298,4.0
4299,4.5
4300,3.0
4301,5.0
4302,4.5
4303,4.0
4304,2.5
4305,3.5
4306,2.5
4307,2.0
4308,4.0
4309,4.0
4310,3.0
4311,3.5
4312,3.0
4313,4.0
4314,3.5
4315,4.0
4316,1.0
4317,5.0
4318,3.5
4319,5.0
4320,3.0
4321,2.0
4322,3.5
4323,4.0
4324,4.5
4325,4.0
4326,5.0
4327,4.0
4328,3.5
4329,3.0
4330,3.5
4331,3.5
4332,1.5
4333,5.0
4334,4.0
4335,2.0
4336,4.0
4337,3.5
4338,3.0
4339,3.0
4340,3.5
4341,4.5
4342,3.5
4343,3.5
4344,4.0
4345,4.5
4346,1.0
4347,2.0
4348,4.5
4349,4.0
4350,1.0
4351,4.0
4352,4.5
4353,3.5
4354,4.5
4355,2.5
4356,3.0
4357,1.5
4358,4.0
4359,4.0
4360,4.0
4361,4.0
4362,5.0
4363,4.0
4364,5.0
4365,2.0
4366,3.0
4367,3.0
4368,4.5
4369,5.0
4370,3.0
4371,2.0
4372,4.0
4373,4.0
4374,2.5
4375,3.5
4376,5.0
4377,5.0
4378,3.5
4379,3.5
4380,3.0
4381,4.5
4382,2.5
4383,3.5
4384,3.5
4385,4.5
4386,4.0
4387,4.0
4388,4.5
4389,4.0
4390,4.5
4391,4.5
4392,1.5
4393,4.0
4394,2.5
4395,5.0
4396,3.5
4397,3.5
4398,3.5
4399,4.5
4400,2.5
4401,4.0
4402,3.5
4403,4.0
4404,2.5
4405,3.5
4406,3.0
4407,3.0
4408,5.0
4409,5.0
4410,2.0
4411,4.0
4412,4.5
4413,2.0
4414,4.0
4415,3.0
4416,4.5
4417,5.0
4418,4.5
4419,5.0
4420,4.0
4421,3.0
4422,3.5
4423,3.5
4424,3.0
4425,4.0
4426,3.5
4427,3.5
4428,3.5
4429,4.0
4430,3.5
4431,4.0
4432,3.0
4433,4.5
4434,2.5
4435,3.5
4436,2.5
4437,3.5
4438,4.5
4439,3.0
4440,5.0
4441,4.5
4442,2.0
4443,2.0
4444,2.5
4445,4.5
4446,3.0
4447,2.5
4448,3.0
4449,4.0
4450,2.0
4451,3.0
4452,3.0
4453,3.0
4454,4.0
4455,4.0
4456,3.0
4457,4.5
4458,3.0
4459,2.5
4460,3.5
4461,4.0
4462,3.0
4463,2.0
4464,3.0
4465,2.5
4466,2.5
4467,1.5
4468,4.5
4469,1.5
4470,4.5
4471,3.0
4472,2.0
4473,2.0
4474,5.0
4475,1.5
4476,4.5
4477,3.0
4478,3.0
4479,3.5
4480,4.5
4481,4.0
4482,4.5
4483,3.5
4484,3.0
4485,5.0
4486,3.5
4487,4.5
4488,3.0
4489,1.5
4490,4.0
4491,4.0
4492,3.5
4493,3.5
4494,3.0
4495,2.0
4496,5.0
4497,4.0
4498,5.0
4499,3.5
4500,4.5
4501,3.0
4502,4.0
4503,3.0
4504,2.5
4505,5.0
4506,5.0
4507,4.5
4508,3.5
4509,4.0
4510,2.5
4511,4.5
4512,2.5
4513,4.0
4514,3.5
4515,4.0
4516,3.5
4517,5.0
4518,3.5
4519,2.0
4520,3.0
4521,2.5
4522,5.0
4523,4.5
4524,3.0
4525,2.5
4526,4.0
4527,2.0
4528,2.5
4529,4.5
4530,4.0
4531,4.5
4532,5.0
4533,3.5
4534,4.0
4535,5.0
4536,4.0
4537,3.5
4538,1.0
4539,5.0
4540,3.5
4541,2.5
4542,2.0
4543,3.0
4544,3.5
4545,4.5
4546,5.0
4547,3.5
4548,2.5
4549,4.5
4550,2.0
4551,3.5
4552,1.5
4553,3.5
4554,4.0
4555,4.5
4556,1.0
4557,3.0
4558,2.0
4559,1.0
4560,4.5
4561,4.0
4562,3.5
4563,4.5
4564,4.5
4565,4.5
4566,4.5
4567,4.0
4568,4.5
4569,5.0
4570,2.0
4571,4.0
4572,4.0
4573,5.0
4574,2.0
4575,3.5
4576,4.0
4577,1.5
4578,3.0
4579,5.0
4580,3.5
4581,3.5
4582,3.5
4583,3.5
4584,3.0
4585,5.0
4586,1.5
4587,3.0
4588,3.5
4589,3.5
4590,2.0
4591,3.0
4592,2.5
4593,3.0
4594,2.5
4595,4.5
4596,4.0
4597,4.0
4598,3.5
4599,3.5
4600,2.0
4601,4.5
4602,3.5
4603,4.5
4604,4.0
4605,3.0
4606,2.5
4607,4.5
4608,3.5
4609,4.5
4610,3.5
4611,3.5
4612,3.5
4613,4.5
4614,2.5
4615,4.0
4616,2.5
4617,3.5
4618,4.0
4619,4.0
4620,5.0
4621,4.0
4622,4.5
4623,1.0
4624,3.0
4625,3.5
4626,4.5
4627,4.5
4628,5.0
4629,4.0
4630,5.0
4631,2.5
4632,3.5
4633,4.0
4634,4.0
4635,5.0
4636,4.5
4637,3.0
4638,3.0
4639,1.5
4640,3.0
4641,4.0
4642,4.5
4643,5.0
4644,4.5
4645,4.5
4646,2.5
4647,5.0
4648,4.0
4649,2.5
4650,4.5
4651,2.5
4652,2.0
4653,3.0
4654,2.5
4655,2.5
4656,4.0
4657,5.0
4658,4.5
4659,3.5
4660,3.5
4661,4.0
4662,4.0
4663,5.0
4664,3.5
4665,3.0
4666,3.5
4667,4.5
4668,3.0
4669,4.0
4670,3.5
4671,3.5
4672,3.5
4673,3.5
4674,4.5
4675,3.0
4676,5.0
4677,1.5
4678,4.0
4679,3.0
4680,2.5
4681,2.5
4682,4.5
4683,4.0
4684,2.5
4685,4.0
4686,4.0
4687,4.0
4688,4.0
4689,4.5
4690,3.0
4691,4.5
4692,4.0
4693,4.5
4694,2.0
4695,3.0
4696,4.5
4697,3.5
4698,4.5
4699,5.0
4700,5.0
4701,3.0
4702,5.0
4703,3.5
4704,2.0
4705,5.0
4706,4.5
4707,5.0
4708,4.0
4709,4.0
4710,3.0
4711,3.0
4712,3.0
4713,4.5
4714,3.0
4715,3.5
4716,3.0
4717,3.0
4718,4.5
4719,4.5
4720,4.5
4721,3.0
4722,4.5
4723,2.0
4724,4.0
4725,5.0
4726,3.5
4727,3.0
4728,3.5
4729,5.0
4730,4.5
4731,2.5
4732,4.5
4733,3.5
4734,4.0
4735,3.5
4736,4.0
4737,4.5
4738,2.5
4739,4.5
4740,2.0
4741,3.5
4742,3.5
4743,2.0
4744,5.0
4745,3.0
4746,3.5
4747,4.5
4748,3.5
4749,1.5
4750,3.0
4751,2.5
4752,2.5
4753,2.5
4754,3.0
4755,2.5
4756,4.5
4757,2.5
4758,4.0
4759,4.0
4760,4.0
4761,4.0
4762,4.5
4763,4.0
4764,3.0
4765,4.0
4766,4.0
4767,3.5
4768,4.0
4769,4.0
4770,4.5
4771,4.0
4772,5.0
4773,5.0
4774,3.0
4775,4.0
4776,4.5
4777,4.0
4778,3.0
4779,4.0
4780,3.5
4781,4.0
4782,4.0
4783,2.0
4784,4.0
4785,3.0
4786,5.0
4787,3.5
4788,4.0
4789,3.5
4790,3.5
4791,3.5
4792,3.5
4793,3.5
4794,3.0
4795,2.5
4796,3.5
4797,3.5
4798,4.5
4799,4.5
4800,5.0
4801,4.5
4802,4.5
4803,3.5
4804,4.0
4805,1.5
4806,3.5
4807,3.0
4808,1.5
4809,1.5
4810,4.0
4811,4.0
4812,5.0
4813,5.0
4814,4.5
4815,2.5
4816,4.5
4817,4.0
4818,4.5
4819,3.0
4820,3.0
4821,4.0
4822,3.0
4823,3.5
4824,5.0
4825,5.0
4826,2.5
4827,2.0
4828,4.0
4829,4.5
4830,2.5
4831,4.5
4832,3.5
4833,3.0
4834,5.0
4835,3.5
4836,3.5
4837,4.0
4838,4.0
4839,3.5
4840,3.5
4841,3.5
4842,3.0
4843,2.0
4844,3.5
4845,3.5
4846,4.5
4847,4.5
4848,3.0
4849,4.0
4850,4.0
4851,4.0
4852,2.0
4853,5.0
4854,3.5
4855,5.0
4856,4.0
4857,3.5
4858,2.5
4859,2.0
4860,2.0
4861,5.0
4862,1.0
4863,1.5
4864,4.5
4865,4.5
4866,4.0
4867,4.0
4868,3.5
4869,3.0
4870,3.0
4871,1.5
4872,2.0
4873,4.5
4874,4.0
4875,2.0
4876,4.5
4877,3.5
4878,5.0
4879,4.5
4880,3.0
4881,3.5
4882,4.0
4883,3.5
4884,4.0
4885,2.5
4886,4.5
4887,2.0
4888,4.5
4889,5.0
4890,5.0
4891,4.0
4892,5.0
4893,4.0
4894,4.0
4895,4.0
4896,4.0
4897,3.5
4898,3.0
4899,3.5
4900,1.0
4901,3.5
4902,3.5
4903,2.0
4904,1.0
4905,4.5
4906,3.5
4907,4.5
4908,2.5
4909,4.5
4910,3.5
4911,2.0
4912,4.0
4913,4.0
4914,4.0
4915,4.5
4916,3.0
4917,3.5
4918,3.0
4919,5.0
4920,4.5
4921,5.0
4922,4.0
4923,2.0
4924,2.0
4925,3.0
4926,4.0
4927,1.5
4928,3.5
4929,4.5
4930,3.0
4931,4.0
4932,4.0
4933,4.5
4934,5.0
4935,4.0
4936,3.5
4937,3.0
4938,2.5
4939,2.0
4940,4.0
4941,3.5
4942,4.0
4943,3.0
4944,2.0
4945,3.5
4946,3.0
4947,4.5
4948,2.5
4949,2.5
4950,3.5
4951,2.0
4952,3.0
4953,1.5
4954,3.5
4955,3.5
4956,4.0
4957,1.5
4958,4.5
4959,4.0
4960,3.0
4961,4.0
4962,3.5
4963,4.0
4964,3.5
4965,2.0
4966,4.5
4967,4.5
4968,4.5
4969,2.0
4970,4.5
4971,4.5
4972,5.0
4973,3.5
4974,4.5
4975,2.5
4976,2.5
4977,4.5
4978,3.5
4979,3.0
4980,4.5
4981,3.5
4982,5.0
4983,5.0
4984,3.5
4985,4.0
4986,2.5
4987,3.0
4988,3.5
4989,4.5
4990,3.0
4991,5.0
4992,3.5
4993,4.0
4994,3.5
4995,3.0
4996,2.5
4997,4.0
4998,2.5
4999,3.5
5000,4.5
5001,2.5
5002,5.0
5003,2.0
5004,2.5
5005,4.0
5006,5.0
5007,3.5
5008,3.0
5009,4.0
5010,4.5
5011,4.5
5012,3.5
5013,4.0
5014,3.0
5015,4.5
5016,4.0
5017,4.0
5018,4.0
5019,4.0
5020,1.5
5021,5.0
5022,5.0
5023,3.0
5024,4.0
5025,4.0
5026,3.5
5027,4.0
5028,2.5
5029,4.0
5030,4.5
5031,2.5
5032,2.5
5033,4.0
5034,4.0
5035,3.5
5036,2.5
5037,3.0
5038,2.5
5039,5.0
5040,4.0
5041,2.5
5042,4.5
5043,2.5
5044,4.5
5045,4.0
5046,2.0
5047,2.5
5048,4.5
5049,3.5
5050,5.0
5051,1.5
5052,4.0
5053,4.0
5054,4.5
5055,3.0
5056,3.0
5057,4.0
5058,5.0
5059,4.0
5060,5.0
5061,3.5
5062,4.0
5063,3.0
5064,3.0
5065,3.0
5066,3.5
5067,5.0
5068,3.5
5069,4.5
5070,5.0
5071,4.0
5072,4.0
5073,2.5
5074,3.5
5075,2.0
5076,4.5
5077,1.0
5078,4.0
5079,4.0
5080,3.0
5081,3.5
5082,4.5
5083,3.5
5084,2.0
5085,4.0
5086,2.0
5087,4.5
5088,4.0
5089,2.0
5090,4.0
5091,3.5
5092,2.5
5093,3.0
5094,5.0
5095,5.0
5096,3.5
5097,4.5
5098,3.5
5099,3.0
5100,3.5
5101,2.0
5102,4.0
5103,3.5
5104,1.5
5105,2.5
5106,3.0
5107,3.0
5108,1.0
5109,2.5
5110,4.5
5111,5.0
5112,3.0
5113,4.0
5114,4.5
5115,3.5
5116,4.5
5117,3.5
5118,4.5
5119,2.5
5120,3.5
5121,2.0
5122,4.5
5123,3.0
5124,4.0
5125,5.0
5126,4.5
5127,2.5
5128,3.0
5129,4.0
5130,4.0
5131,3.0
5132,5.0
5133,3.0
5134,4.5
5135,3.5
5136,4.5
5137,4.0
5138,4.5
5139,4.0
5140,4.5
5141,4.0
5142,3.5
5143,4.0
5144,4.0
5145,3.5
5146,4.0
5147,4.0
5148,4.5
5149,5.0
5150,4.0
5151,5.0
5152,3.0
5153,4.0
5154,3.0
5155,1.0
5156,3.0
5157,2.0
5158,4.5
5159,4.0
5160,3.5
5161,4.0
5162,3.5
5163,4.0
5164,5.0
5165,5.0
5166,4.5
5167,4.5
5168,4.0
5169,4.5
5170,2.0
5171,4.5
5172,2.5
5173,3.5
5174,2.5
5175,4.5
5176,3.0
5177,5.0
5178,3.5
5179,4.5
5180,4.0
5181,2.5
5182,4.0
5183,3.5
5184,4.5
5185,3.5
5186,4.0
5187,4.0
5188,4.5
5189,3.0
5190,4.0
5191,4.0
5192,2.5
5193,3.0
5194,5.0
5195,1.5
5196,3.5
5197,3.5
5198,4.5
5199,3.0
5200,2.0
5201,5.0
5202,3.5
5203,5.0
5204,3.0
5205,2.5
5206,3.5
5207,2.0
5208,3.0
5209,3.0
5210,3.5
5211,2.5
5212,4.5
5213,3.0
5214,3.5
5215,3.5
5216,2.5
5217,4.0
5218,3.5
5219,4.0
5220,2.5
5221,4.5
5222,4.0
5223,3.0
5224,4.0
5225,4.0
5226,5.0
5227,4.0
5228,3.0
5229,4.5
5230,4.0
5231,4.0
5232,3.0
5233,4.5
5234,2.5
5235,4.5
5236,4.0
5237,4.5
5238,5.0
5239,4.0
5240,5.0
5241,4.5
5242,4.0
5243,4.5
5244,3.5
5245,4.5
5246,4.0
5247,4.0
5248,3.5
5249,3.5
5250,3.5
5251,3.5
5252,3.0
5253,4.5
5254,4.0
5255,2.5
5256,5.0
5257,2.5
5258,2.0
5259,2.5
5260,2.5
5261,4.5
5262,4.0
5263,3.5
5264,5.0
5265,4.5
5266,2.5
5267,4.5
5268,4.0
5269,4.5
5270,3.5
5271,2.5
5272,5.0
5273,3.0
5274,2.0
5275,2.5
5276,2.0
5277,4.5
5278,4.5
5279,4.5
5280,4.5
5281,3.0
5282,4.5
5283,5.0
5284,4.0
5285,3.5
5286,3.5
5287,4.5
5288,2.5
5289,2.5
5290,3.0
5291,5.0
5292,3.0
5293,4.5
5294,3.0
5295,4.0
5296,5.0
5297,3.5
5298,4.0
5299,1.5
5300,3.0
5301,3.0
5302,5.0
5303,4.0
5304,2.0
5305,3.5
5306,3.5
5307,2.5
5308,4.0
5309,4.0
5310,5.0
5311,3.5
5312,5.0
5313,1.0
5314,1.0
5315,4.5
5316,4.0
5317,4.5
5318,5.0
5319,4.0
5320,4.5
5321,4.0
5322,4.5
5323,3.5
5324,4.5
5325,1.5
5326,5.0
5327,2.5
5328,5.0
5329,2.5
5330,3.0
5331,2.5
5332,4.5
5333,2.5
5334,1.5
5335,4.0
5336,3.5
5337,3.0
5338,4.0
5339,3.0
5340,4.5
5341,3.5
5342,2.5
5343,4.0
5344,1.5
5345,4.0
5346,4.0
5347,4.5
5348,5.0
5349,3.0
5350,3.5
5351,4.5
5352,4.0
5353,3.5
5354,2.0
5355,4.5
5356,4.5
5357,4.0
5358,4.5
5359,4.5
5360,4.0
5361,4.0
5362,4.0
5363,4.0
5364,2.5
5365,2.5
5366,2.5
5367,4.5
5368,4.5
5369,1.5
5370,3.5
5371,4.0
5372,5.0
5373,4.0
5374,3.5
5375,1.0
5376,3.0
5377,4.5
5378,4.5
5379,4.0
5380,2.5
5381,3.0
5382,2.0
5383,4.5
5384,3.0
5385,5.0
5386,4.0
5387,4.0
5388,3.0
5389,3.5
5390,3.0
5391,3.0
5392,4.0
5393,3.0
5394,3.5
5395,4.5
5396,3.0
5397,5.0
5398,4.0
5399,1.5
5400,4.0
5401,4.0
5402,3.0
5403,4.5
5404,3.0
5405,4.5
5406,4.5
5407,4.5
5408,3.5
5409,4.5
5410,1.5
5411,3.5
5412,4.5
5413,3.0
5414,1.5
5415,3.5
5416,4.0
5417,3.0
5418,5.0
5419,4.0
5420,1.5
5421,3.0
5422,3.5
5423,3.5
5424,5.0
5425,2.0
5426,4.0
5427,2.0
5428,5.0
5429,4.5
5430,4.0
5431,4.5
5432,3.0
5433,5.0
5434,3.0
5435,4.0
5436,5.0
5437,3.5
5438,1.0
5439,5.0
5440,4.0
5441,4.0
5442,4.0
5443,4.5
5444,4.0
5445,4.5
5446,3.0
5447,4.5
5448,3.5
5449,5.0
5450,3.0
5451,3.5
5452,4.0
5453,3.5
5454,3.5
5455,3.5
5456,3.5
5457,3.5
5458,3.5
5459,3.5
5460,3.5
5461,4.5
5462,3.5
5463,4.0
5464,4.0
5465,4.5
5466,4.0
5467,4.5
5468,3.0
5469,2.5
5470,2.5
5471,4.0
5472,2.5
5473,3.5
5474,2.5
5475,4.5
5476,3.5
5477,1.5
5478,4.0
5479,2.5
5480,4.5
5481,3.5
5482,4.0
5483,2.0
5484,2.5
5485,4.5
5486,4.5
5487,3.5
5488,2.5
5489,4.0
5490,4.0
5491,4.0
5492,2.5
5493,4.0
5494,1.5
5495,3.0
5496,3.0
5497,3.5
5498,4.5
5499,4.5
5500,3.0
5501,3.5
5502,4.0
5503,4.5
5504,4.0
5505,2.5
5506,4.0
5507,3.5
5508,4.5
5509,4.5
5510,3.0
5511,2.0
5512,4.5
5513,4.0
5514,5.0
5515,4.0
5516,4.5
5517,3.5
5518,4.0
5519,4.0
5520,4.5
5521,3.5
5522,3.5
5523,4.5
5524,2.0
5525,2.5
5526,3.0
5527,4.0
5528,4.5
5529,5.0
5530,4.5
5531,3.5
5532,4.0
5533,3.5
5534,2.5
5535,3.0
5536,3.5
5537,4.0
5538,4.5
5539,4.5
5540,3.5
5541,4.5
5542,4.0
5543,3.5
5544,4.0
5545,4.5
5546,5.0
5547,2.0
5548,3.5
5549,4.0
5550,2.0
5551,5.0
5552,3.0
5553,3.0
5554,2.0
5555,3.5
5556,2.0
5557,4.5
5558,4.0
5559,3.5
5560,4.0
5561,4.5
5562,4.5
5563,4.5
5564,4.5
5565,3.0
5566,4.0
5567,4.0
5568,5.0
5569,5.0
5570,3.5
5571,2.0
5572,3.5
5573,5.0
5574,5.0
5575,2.5
5576,1.5
5577,3.5
5578,2.0
5579,1.0
5580,2.0
5581,3.0
5582,4.5
5583,2.5
5584,5.0
5585,3.0
5586,2.0
5587,2.5
5588,4.0
5589,4.5
5590,3.5
5591,3.5
5592,3.5
5593,4.5
5594,2.5
5595,5.0
5596,3.5
5597,4.0
5598,3.0
5599,3.0
5600,3.0
5601,2.5
5602,4.5
5603,3.0
5604,2.0
5605,3.0
5606,5.0
5607,4.0
5608,3.5
5609,4.5
5610,5.0
5611,3.0
5612,3.0
5613,1.0
5614,2.0
5615,4.0
5616,5.0
5617,4.5
5618,3.5
5619,3.0
5620,1.0
5621,5.0
5622,5.0
5623,3.0
5624,5.0
5625,4.0
5626,4.5
5627,2.5
5628,3.5
5629,4.5
5630,5.0
5631,4.0
5632,4.5
5633,4.0
5634,3.0
5635,4.5
5636,3.0
5637,3.5
5638,4.5
5639,4.5
5640,2.0
5641,4.5
5642,4.0
5643,4.5
5644,4.5
5645,3.5
5646,5.0
5647,3.5
5648,4.0
5649,2.5
5650,2.5
5651,3.0
5652,4.5
5653,3.0
5654,4.5
5655,3.5
5656,4.0
5657,4.5
5658,3.0
5659,3.0
5660,5.0
5661,2.0
5662,2.0
5663,4.5
5664,3.5
5665,3.0
5666,2.0
5667,3.5
5668,4.5
5669,2.5
5670,2.0
5671,2.0
5672,4.5
5673,3.5
5674,5.0
5675,3.5
5676,4.0
5677,2.5
5678,4.5
5679,3.5
5680,4.5
5681,4.5
5682,4.5
5683,2.5
5684,3.5
5685,3.5
5686,4.5
5687,1.5
5688,2.5
5689,4.0
5690,2.5
5691,4.0
5692,4.5
5693,3.0
5694,4.5
5695,4.5
5696,3.0
5697,4.0
5698,4.5
5699,2.5
5700,2.5
5701,2.5
5702,2.0
5703,4.5
5704,2.5
5705,3.0
5706,4.0
5707,4.5
5708,2.5
5709,3.0
5710,4.5
5711,4.5
5712,4.0
5713,4.0
5714,4.0
5715,4.0
5716,2.0
5717,4.5
5718,4.5
5719,5.0
5720,4.5
5721,4.0
5722,4.0
5723,4.0
5724,3.5
5725,4.0
5726,3.5
5727,3.5
5728,3.5
5729,5.0
5730,4.0
5731,2.5
5732,2.5
5733,4.5
5734,3.5
5735,4.0
5736,2.0
5737,3.5
5738,3.5
5739,2.5
5740,4.5
5741,5.0
5742,4.0
5743,3.0
5744,3.0
5745,4.5
5746,4.0
5747,3.5
5748,4.5
5749,3.5
5750,4.0
5751,5.0
5752,5.0
5753,4.5
5754,1.5
5755,4.0
5756,3.5
5757,2.5
5758,4.5
5759,3.0
5760,4.0
5761,3.5
5762,4.5
5763,2.5
5764,3.0
5765,3.5
5766,4.5
5767,3.0
5768,4.0
5769,5.0
5770,2.5
5771,2.5
5772,2.5
5773,3.5
5774,3.5
5775,4.0
5776,4.5
5777,2.5
5778,1.5
5779,3.5
5780,4.0
5781,5.0
5782,3.0
5783,4.0
5784,5.0
5785,5.0
5786,2.5
5787,3.5
5788,3.5
5789,4.5
5790,2.5
5791,2.5
5792,3.5
5793,4.5
5794,5.0
5795,4.0
5796,3.5
5797,5.0
5798,3.5
5799,5.0
5800,3.0
5801,3.0
5802,2.5
5803,3.5
5804,4.0
5805,3.5
5806,3.5
5807,4.0
5808,1.5
5809,1.5
5810,2.5
5811,2.0
5812,3.0
5813,3.5
5814,3.5
5815,3.0
5816,4.0
5817,1.0
5818,5.0
5819,5.0
5820,2.0
5821,4.5
5822,2.5
5823,2.5
5824,3.5
5825,5.0
5826,4.5
5827,4.5
5828,3.0
5829,2.5
5830,4.5
5831,2.5
5832,2.5
5833,4.0
5834,1.5
5835,4.0
5836,3.0
5837,4.0
5838,4.0
5839,3.0
5840,1.5
5841,4.5
5842,4.5
5843,3.5
5844,4.0
5845,2.5
5846,3.5
5847,3.0
5848,4.5
5849,3.5
5850,3.5
5851,4.5
5852,2.5
5853,3.5
5854,4.0
5855,4.5
5856,4.5
5857,4.5
5858,4.5
5859,3.0
5860,4.0
5861,4.5
5862,3.5
5863,4.0
5864,2.0
5865,4.0
5866,4.0
5867,2.5
5868,3.0
5869,4.5
5870,2.5
5871,4.0
5872,3.5
5873,3.0
5874,5.0
5875,3.0
5876,4.5
5877,2.0
5878,1.5
5879,2.0
5880,5.0
5881,3.5
5882,4.0
5883,2.5
5884,4.0
5885,4.5
5886,3.0
5887,4.0
5888,3.0
5889,2.5
5890,4.5
5891,3.5
5892,4.0
5893,1.5
5894,1.5
5895,2.5
5896,3.0
5897,3.5
5898,5.0
5899,4.0
5900,1.0
5901,4.0
5902,4.0
5903,2.0
5904,4.5
5905,4.0
5906,2.0
5907,2.0
5908,4.5
5909,3.5
5910,3.5
5911,4.0
5912,3.5
5913,2.5
5914,5.0
5915,2.5
5916,5.0
5917,4.0
5918,5.0
5919,3.5
5920,4.5
5921,3.0
5922,4.5
5923,4.0
5924,5.0
5925,3.5
5926,2.0
5927,3.5
5928,3.0
5929,4.0
5930,3.5
5931,3.0
5932,1.0
5933,5.0
5934,2.5
5935,5.0
5936,4.5
5937,3.0
5938,4.0
5939,2.0
5940,2.5
5941,3.0
5942,1.0
5943,5.0
5944,3.0
5945,3.0
5946,3.5
5947,2.0
5948,4.0
5949,4.5
5950,5.0
5951,3.0
5952,4.5
5953,1.5
5954,3.0
5955,3.0
5956,4.5
5957,3.5
5958,4.5
5959,4.0
5960,3.0
5961,3.5
5962,2.5
5963,4.5
5964,4.5
5965,4.0
5966,2.0
5967,3.0
5968,5.0
5969,5.0
5970,1.5
5971,2.5
5972,4.0
5973,4.0
5974,4.5
5975,4.0
5976,4.5
5977,3.5
5978,5.0
5979,3.5
5980,3.0
5981,4.5
5982,3.0
5983,4.5
5984,2.5
5985,4.5
5986,3.0
5987,4.0
5988,5.0
5989,5.0
5990,5.0
5991,4.0
5992,2.5
5993,3.5
5994,2.5
5995,3.5
5996,4.5
5997,2.5
5998,4.5
5999,1.5
6000,5.0
6001,2.0
6002,2.5
6003,4.5
6004,4.5
6005,5.0
6006,1.5
6007,4.5
6008,4.5
6009,2.5
6010,4.0
6011,2.5
6012,3.5
6013,5.0
6014,4.0
6015,4.5
6016,4.5
6017,4.0
6018,4.0
6019,4.5
6020,4.0
6021,2.5
6022,4.0
6023,2.5
6024,4.5
6025,4.0
6026,3.5
6027,3.5
6028,3.0
6029,1.0
6030,3.5
6031,3.5
6032,3.0
6033,4.5
6034,4.0
6035,3.5
6036,4.5
6037,4.5
6038,4.5
6039,2.0
6040,4.5
6041,3.5
6042,3.5
6043,3.5
6044,3.5
6045,3.0
6046,4.5
6047,5.0
6048,1.5
6049,3.0
6050,4.5
6051,4.0
6052,3.0
6053,4.0
6054,5.0
6055,4.0
6056,2.5
6057,5.0
6058,4.0
6059,3.5
6060,3.5
6061,2.0
6062,2.5
6063,4.5
6064,4.5
6065,1.5
6066,5.0
6067,4.0
6068,3.5
6069,4.5
6070,4.0
6071,4.0
6072,3.5
6073,4.5
6074,5.0
6075,4.5
6076,2.5
6077,4.0
6078,2.0
6079,5.0
6080,3.5
6081,2.0
6082,4.0
6083,3.5
6084,3.5
6085,4.0
6086,2.0
6087,4.0
6088,5.0
6089,2.0
6090,4.5
6091,4.0
6092,4.5
6093,4.5
6094,4.5
6095,4.5
6096,4.0
6097,4.5
6098,3.5
6099,5.0
6100,2.0
6101,3.0
6102,3.0
6103,3.5
6104,3.0
6105,2.5
6106,2.0
6107,4.5
6108,1.5
6109,2.5
6110,3.0
6111,3.5
6112,4.0
6113,4.0
6114,2.5
6115,2.5
6116,2.0
6117,2.0
6118,4.0
6119,3.0
6120,3.5
6121,2.0
6122,4.0
6123,3.5
6124,4.0
6125,4.5
6126,3.5
6127,4.0
6128,4.5
6129,3.0
6130,4.0
6131,2.5
6132,4.0
6133,3.0
6134,4.0
6135,3.0
6136,3.5
6137,3.5
6138,3.0
6139,4.5
6140,3.0
6141,3.5
6142,3.0
6143,3.5
6144,3.0
6145,5.0
6146,5.0
6147,3.5
6148,5.0
6149,5.0
6150,4.0
6151,2.0
6152,5.0
6153,4.5
6154,3.0
6155,4.0
6156,3.5
6157,4.5
6158,3.5
6159,5.0
6160,3.0
6161,1.5
6162,3.5
6163,2.5
6164,4.0
6165,3.5
6166,4.0
6167,5.0
6168,3.5
6169,4.0
6170,4.5
6171,4.0
6172,3.5
6173,2.5
6174,4.0
6175,5.0
6176,4.0
6177,2.5
6178,3.0
6179,5.0
6180,4.0
6181,4.0
6182,2.0
6183,3.5
6184,3.5
6185,2.0
6186,3.5
6187,3.5
6188,3.0
6189,2.5
6190,4.0
6191,4.0
6192,3.5
6193,4.0
6194,4.5
6195,4.5
6196,4.0
6197,3.5
6198,5.0
6199,2.0
6200,4.0
6201,4.0
6202,4.0
6203,5.0
6204,4.5
6205,1.5
6206,3.5
6207,4.0
6208,1.0
6209,4.5
6210,2.5
6211,3.5
6212,5.0
6213,4.5
6214,2.5
6215,1.0
6216,1.5
6217,4.0
6218,3.5
6219,3.0
6220,2.5
6221,3.5
6222,3.0
6223,5.0
6224,5.0
6225,2.5
6226,2.5
6227,4.0
6228,4.5
6229,3.5
6230,4.0
6231,4.5
6232,4.0
6233,1.5
6234,4.5
6235,4.5
6236,3.5
6237,5.0
6238,3.5
6239,4.5
6240,4.0
6241,3.0
6242,2.5
6243,4.0
6244,3.0
6245,2.5
6246,3.5
6247,2.5
6248,3.5
6249,5.0
6250,5.0
6251,5.0
6252,3.0
6253,2.0
6254,3.0
6255,4.0
6256,4.5
6257,3.0
6258,4.5
6259,2.5
6260,4.5
6261,3.5
6262,4.5
6263,4.5
6264,4.0
6265,3.5
6266,4.5
6267,4.0
6268,4.0
6269,3.5
6270,3.5
6271,5.0
6272,2.5
6273,4.5
6274,5.0
6275,3.5
6276,3.0
6277,4.5
6278,1.5
6279,1.0
6280,2.5
6281,3.5
6282,3.0
6283,4.5
6284,5.0
6285,4.5
6286,3.5
6287,3.5
6288,4.0
6289,2.0
6290,5.0
6291,3.5
6292,4.0
6293,4.5
6294,4.5
6295,3.5
6296,2.0
6297,5.0
6298,5.0
6299,5.0
6300,3.5
6301,4.5
6302,4.0
6303,4.5
6304,4.0
6305,3.0
6306,3.5
6307,4.5
6308,3.5
6309,2.0
6310,5.0
6311,5.0
6312,2.5
6313,4.0
6314,5.0
6315,3.0
6316,4.5
6317,3.5
6318,4.0
6319,4.0
6320,2.0
6321,4.0
6322,3.0
6323,3.0
6324,4.5
6325,2.5
6326,1.5
6327,3.0
6328,3.5
6329,1.5
6330,5.0
6331,5.0
6332,5.0
6333,4.5
6334,4.0
6335,4.0
6336,3.0
6337,4.5
6338,4.0
6339,4.5
6340,4.0
6341,5.0
6342,3.5
6343,4.0
6344,2.5
6345,3.0
6346,4.0
6347,4.0
6348,5.0
6349,1.5
6350,3.5
6351,2.5
6352,4.0
6353,4.5
6354,5.0
6355,3.0
6356,4.5
6357,4.5
6358,3.5
6359,2.5
6360,2.0
6361,4.5
6362,4.0
6363,2.5
6364,4.5
6365,1.5
6366,2.0
6367,2.5
6368,3.5
6369,2.0
6370,2.5
6371,4.5
6372,4.0
6373,2.5
6374,3.0
6375,4.0
6376,3.5
6377,5.0
6378,4.5
6379,3.0
6380,4.5
6381,5.0
6382,5.0
6383,2.5
6384,4.0
6385,2.5
6386,3.5
6387,3.0
6388,2.5
6389,3.5
6390,4.5
6391,4.5
6392,4.0
6393,4.0
6394,4.0
6395,5.0
6396,3.5
6397,5.0
6398,3.5
6399,5.0
6400,3.5
6401,5.0
6402,3.0
6403,4.5
6404,4.0
6405,4.5
6406,3.0
6407,3.0
6408,4.5
6409,4.5
6410,3.0
6411,4.5
6412,2.0
6413,3.5
6414,4.0
6415,4.5
6416,4.0
6417,4.5
6418,5.0
6419,2.5
6420,2.5
6421,3.0
6422,4.0
6423,3.5
6424,5.0
6425,4.5
6426,3.5
6427,3.0
6428,2.5
6429,2.5
6430,3.0
6431,3.5
6432,4.5
6433,3.0
6434,3.0
6435,2.5
6436,4.5
6437,4.0
6438,1.5
6439,5.0
6440,3.0
6441,5.0
6442,3.5
6443,2.5
6444,2.0
6445,4.5
6446,3.0
6447,4.0
6448,2.0
6449,4.5
6450,3.5
6451,4.0
6452,3.0
6453,2.5
6454,5.0
6455,5.0
6456,4.0
6457,4.5
6458,3.5
6459,4.0
6460,3.0
6461,4.0
6462,2.0
6463,2.5
6464,3.5
6465,4.0
6466,4.0
6467,3.5
6468,3.0
6469,3.5
6470,4.5
6471,3.0
6472,4.5
6473,4.0
6474,4.5
6475,2.5
6476,4.5
6477,3.0
6478,3.0
6479,4.0
6480,4.5
6481,4.5
6482,4.0
6483,2.5
6484,4.5
6485,5.0
6486,2.5
6487,3.5
6488,3.0
6489,3.0
6490,4.0
6491,3.0
6492,4.0
6493,3.5
6494,2.5
6495,2.5
6496,5.0
6497,4.0
6498,2.5
6499,1.0
6500,4.0
6501,5.0
6502,2.5
6503,3.5
6504,3.5
6505,2.5
6506,3.5
6507,2.0
6508,4.5
6509,3.5
6510,3.5
6511,3.0
6512,3.5
6513,3.0
6514,3.0
6515,3.5
6516,4.5
6517,3.5
6518,1.5
6519,3.0
6520,3.0
6521,5.0
6522,4.5
6523,4.0
6524,3.0
6525,4.0
6526,4.5
6527,3.0
6528,5.0
6529,5.0
6530,3.5
6531,4.0
6532,3.0
6533,3.0
6534,3.0
6535,2.0
6536,3.5
6537,3.5
6538,2.0
6539,4.0
6540,3.0
6541,3.0
6542,4.5
6543,2.0
6544,4.5
6545,4.0
6546,3.0
6547,4.0
6548,3.5
6549,4.0
6550,2.0
6551,2.0
6552,2.0
6553,4.0
6554,4.0
6555,4.5
6556,3.0
6557,3.5
6558,3.5
6559,3.0
6560,5.0
6561,4.0
6562,4.0
6563,2.5
6564,4.0
6565,4.5
6566,3.0
6567,4.0
6568,4.5
6569,4.0
6570,1.5
6571,4.0
6572,1.5
6573,2.5
6574,3.5
6575,2.5
6576,1.5
6577,4.0
6578,3.0
6579,3.5
6580,3.0
6581,3.0
6582,4.0
6583,4.0
6584,4.0
6585,4.0
6586,1.5
6587,3.0
6588,3.5
6589,2.5
6590,3.0
6591,4.0
6592,1.0
6593,3.5
6594,4.5
6595,2.0
6596,3.5
6597,3.0
6598,1.5
6599,1.0
6600,1.0
6601,5.0
6602,2.5
6603,4.0
6604,3.5
6605,4.0
6606,4.0
6607,3.0
6608,3.5
6609,4.0
6610,2.5
6611,4.0
6612,2.5
6613,3.5
6614,2.5
6615,3.0
6616,3.5
6617,2.5
6618,2.0
6619,4.0
6620,4.0
6621,3.0
6622,4.5
6623,3.0
6624,4.5
6625,2.0
6626,4.0
6627,5.0
6628,2.0
6629,5.0
6630,4.0
6631,5.0
6632,4.5
6633,5.0
6634,4.0
6635,2.5
6636,3.0
6637,4.0
6638,3.5
6639,3.5
6640,4.5
6641,3.5
6642,3.5
6643,4.0
6644,5.0
6645,4.5
6646,4.0
6647,3.5
6648,4.5
6649,4.5
6650,3.5
6651,1.0
6652,3.5
6653,3.5
6654,4.0
6655,5.0
6656,4.5
6657,3.5
6658,4.0
6659,4.0
6660,2.5
6661,4.5
6662,2.5
6663,4.5
6664,3.5
6665,4.5
6666,5.0
6667,5.0
6668,4.0
6669,3.5
6670,4.0
6671,5.0
6672,3.5
6673,3.0
6674,4.5
6675,5.0
6676,1.5
6677,4.0
6678,2.0
6679,5.0
6680,4.0
6681,5.0
6682,4.0
6683,1.0
6684,2.5
6685,3.5
6686,5.0
6687,3.5
6688,3.5
6689,3.5
6690,4.0
6691,2.5
6692,2.5
6693,3.5
6694,4.5
6695,3.0
6696,3.5
6697,4.5
6698,4.5
6699,2.0
6700,3.5
6701,5.0
6702,4.5
6703,2.0
6704,2.0
6705,4.0
6706,4.5
6707,4.0
6708,1.5
6709,5.0
6710,2.0
6711,4.0
6712,4.0
6713,4.5
6714,4.0
6715,2.5
6716,3.0
6717,3.5
6718,3.5
6719,5.0
6720,4.5
6721,4.5
6722,5.0
6723,3.5
6724,5.0
6725,4.0
6726,5.0
6727,4.0
6728,2.5
6729,2.5
6730,4.0
6731,3.5
6732,3.0
6733,4.5
6734,3.0
6735,4.0
6736,2.5
6737,3.0
6738,3.5
6739,3.5
6740,1.5
6741,3.0
6742,4.0
6743,3.5
6744,3.5
6745,4.0
6746,4.0
6747,5.0
6748,2.0
6749,2.0
6750,3.5
6751,3.0
6752,3.5
6753,2.5
6754,4.5
6755,2.0
6756,2.5
6757,3.0
6758,4.0
6759,3.0
6760,2.5
6761,4.5
6762,4.5
6763,4.0
6764,5.0
6765,3.5
6766,4.0
6767,4.5
6768,2.5
6769,3.5
6770,3.0
6771,4.5
6772,5.0
6773,4.5
6774,5.0
6775,1.5
6776,4.5
6777,2.0
6778,3.0
6779,2.5
6780,5.0
6781,4.0
6782,4.5
6783,2.0
6784,3.0
6785,4.0
6786,4.0
6787,4.5
6788,5.0
6789,4.0
6790,4.5
6791,4.5
6792,5.0
6793,3.0
6794,3.5
6795,4.0
6796,3.0
6797,4.0
6798,4.0
6799,2.0
6800,3.5
6801,4.0
6802,4.5
6803,3.0
6804,4.0
6805,4.5
6806,1.5
6807,3.5
6808,4.5
6809,4.5
6810,1.5
6811,4.0
6812,2.5
6813,2.0
6814,4.5
6815,2.0
6816,1.0
6817,5.0
6818,3.5
6819,5.0
6820,3.0
6821,4.0
6822,3.5
6823,4.5
6824,4.5
6825,3.5
6826,4.0
6827,2.0
6828,3.0
6829,4.0
6830,3.0
6831,2.5
6832,4.5
6833,5.0
6834,2.5
6835,4.5
6836,4.5
6837,2.5
6838,2.5
6839,3.0
6840,4.0
6841,4.5
6842,3.5
6843,2.0
6844,5.0
6845,5.0
6846,3.5
6847,3.5
6848,1.0
6849,2.0
6850,4.5
6851,3.0
6852,4.0
6853,2.0
6854,4.0
6855,4.0
6856,3.5
6857,3.5
6858,3.0
6859,4.0
6860,5.0
6861,5.0
6862,4.0
6863,4.5
6864,3.5
6865,3.5
6866,4.5
6867,2.5
6868,4.0
6869,2.5
6870,4.0
6871,4.0
6872,4.5
6873,3.0
6874,3.5
6875,4.0
6876,1.0
6877,3.0
6878,3.5
6879,2.5
6880,5.0
6881,4.0
6882,2.5
6883,3.5
6884,4.0
6885,5.0
6886,4.5
6887,4.0
6888,3.5
6889,2.5
6890,2.5
6891,4.0
6892,4.0
6893,4.0
6894,5.0
6895,2.5
6896,3.0
6897,4.0
6898,4.5
6899,4.5
6900,4.5
6901,4.0
6902,2.0
6903,2.0
6904,3.0
6905,3.5
6906,2.0
6907,1.5
6908,3.5
6909,3.5
6910,3.0
6911,3.5
6912,1.5
6913,3.5
6914,4.5
6915,2.5
6916,2.5
6917,4.5
6918,5.0
6919,4.0
6920,5.0
6921,4.5
6922,3.5
6923,3.5
6924,4.5
6925,5.0
6926,3.0
6927,3.0
6928,4.0
6929,1.5
6930,5.0
6931,4.0
6932,4.0
6933,3.0
6934,3.0
6935,3.5
6936,3.0
6937,4.0
6938,4.0
6939,5.0
6940,4.5
6941,3.5
6942,4.5
6943,2.0
6944,3.5
6945,4.0
6946,2.0
6947,4.5
6948,5.0
6949,3.5
6950,4.0
6951,2.5
6952,2.5
6953,5.0
6954,3.5
6955,3.5
6956,4.0
6957,4.5
6958,4.0
6959,2.5
6960,1.5
6961,4.5
6962,3.0
6963,4.0
6964,3.0
6965,2.5
6966,3.0
6967,3.0
6968,4.5
6969,4.0
6970,4.5
6971,4.0
6972,5.0
6973,3.5
6974,4.5
6975,3.5
6976,4.0
6977,4.5
6978,2.5
6979,4.0
6980,2.0
6981,3.0
6982,4.0
6983,3.5
6984,4.0
6985,4.5
6986,4.5
6987,3.0
6988,5.0
6989,4.0
6990,2.5
6991,4.5
6992,5.0
6993,5.0
6994,4.0
6995,3.5
6996,5.0
6997,4.5
6998,4.0
6999,3.5
7000,3.0
7001,2.0
7002,4.5
7003,4.5
7004,4.0
7005,4.0
7006,5.0
7007,4.0
7008,3.5
7009,1.5
7010,5.0
7011,4.0
7012,3.5
7013,3.5
7014,2.5
7015,4.0
7016,4.0
7017,4.5
7018,5.0
7019,5.0
7020,4.0
7021,4.0
7022,3.0
7023,2.0
7024,4.0
7025,4.5
7026,3.5
7027,4.5
7028,4.0
7029,4.5
7030,2.0
7031,4.0
7032,3.5
7033,3.0
7034,3.0
7035,3.0
7036,4.5
7037,3.5
7038,4.0
7039,3.5
7040,5.0
7041,4.5
7042,2.5
7043,4.0
7044,3.0
7045,2.5
7046,5.0
7047,4.5
7048,4.5
7049,3.5
7050,2.0
7051,1.5
7052,3.0
7053,4.5
7054,5.0
7055,3.0
7056,5.0
7057,4.0
7058,3.5
7059,2.5
7060,4.0
7061,5.0
7062,5.0
7063,2.5
7064,3.5
7065,2.5
7066,4.5
7067,2.0
7068,3.5
7069,4.0
7070,3.0
7071,2.0
7072,5.0
7073,4.0
7074,4.5
7075,4.0
7076,2.0
7077,4.5
7078,1.5
7079,3.0
7080,4.0
7081,3.0
7082,1.5
7083,4.0
7084,3.5
7085,4.0
7086,3.0
7087,3.5
7088,3.0
7089,4.5
7090,3.5
7091,4.0
7092,3.5
7093,2.5
7094,4.5
7095,3.5
7096,4.5
7097,4.0
7098,3.5
7099,5.0
7100,5.0
7101,4.5
7102,2.0
7103,2.0
7104,4.5
7105,4.5
7106,3.0
7107,2.0
7108,4.0
7109,4.5
7110,4.0
7111,4.5
7112,3.5
7113,4.0
7114,3.5
7115,5.0
7116,3.5
7117,2.5
7118,4.0
7119,3.0
7120,3.5
7121,3.5
7122,4.0
7123,2.0
7124,4.5
7125,4.0
7126,2.5
7127,4.5
7128,4.0
7129,5.0
7130,4.5
7131,4.5
7132,4.0
7133,3.5
7134,4.5
7135,4.0
7136,4.5
7137,5.0
7138,4.5
7139,1.5
7140,4.5
7141,4.0
7142,3.5
7143,3.0
7144,4.5
7145,4.0
7146,4.0
7147,3.5
7148,3.5
7149,3.5
7150,5.0
7151,3.5
7152,3.0
7153,4.0
7154,3.5
7155,3.0
7156,4.0
7157,2.5
7158,5.0
7159,3.0
7160,2.5
7161,4.0
7162,2.5
7163,5.0
7164,3.5
7165,3.5
7166,5.0
7167,4.0
7168,1.0
7169,1.0
7170,3.0
7171,5.0
7172,2.5
7173,3.5
7174,4.0
7175,4.5
7176,4.5
7177,3.5
7178,3.5
7179,3.5
7180,4.0
7181,4.5
7182,4.5
7183,3.5
7184,3.0
7185,3.5
7186,4.0
7187,4.5
7188,4.5
7189,3.5
7190,4.5
7191,4.5
7192,4.5
7193,3.5
7194,4.5
7195,4.0
7196,3.5
7197,4.0
7198,3.5
7199,3.5
7200,4.0
7201,4.0
7202,3.5
7203,4.5
7204,4.0
7205,4.0
7206,3.0
7207,3.5
7208,4.5
7209,4.5
7210,2.0
7211,4.0
7212,4.5
7213,4.0
7214,2.5
7215,4.0
7216,5.0
7217,4.5
7218,2.0
7219,4.5
7220,3.0
7221,4.5
7222,3.0
7223,2.5
7224,5.0
7225,3.0
7226,4.5
7227,4.0
7228,4.5
7229,3.5
7230,4.0
7231,2.0
7232,5.0
7233,2.0
7234,5.0
7235,3.5
7236,2.5
7237,2.5
7238,4.0
7239,3.5
7240,5.0
7241,5.0
7242,2.5
7243,4.5
7244,3.0
7245,4.0
7246,3.0
7247,3.5
7248,3.5
7249,2.5
7250,2.0
7251,4.0
7252,2.5
7253,3.0
7254,3.0
7255,5.0
7256,2.0
7257,2.5
7258,1.5
7259,3.5
7260,3.5
7261,2.5
7262,4.5
7263,4.0
7264,3.0
7265,4.0
7266,3.0
7267,4.5
7268,4.5
7269,4.0
7270,5.0
7271,4.0
7272,3.5
7273,5.0
7274,3.5
7275,3.5
7276,3.5
7277,3.0
7278,3.0
7279,4.0
7280,4.5
7281,3.5
7282,2.5
7283,4.0
7284,4.0
7285,4.5
7286,5.0
7287,5.0
7288,3.0
7289,5.0
7290,4.0
7291,5.0
7292,3.0
7293,2.0
7294,3.5
7295,4.5
7296,1.5
7297,4.5
7298,2.5
7299,3.5
7300,1.5
7301,1.5
7302,4.0
7303,4.5
7304,5.0
7305,3.5
7306,3.5
7307,3.5
7308,2.0
7309,3.5
7310,4.0
7311,4.0
7312,5.0
7313,3.5
7314,5.0
7315,3.5
7316,4.0
7317,3.5
7318,4.0
7319,4.0
7320,2.5
7321,2.5
7322,2.0
7323,2.5
7324,4.0
7325,3.0
7326,3.5
7327,3.5
7328,4.5
7329,4.0
7330,4.0
7331,4.0
7332,4.0
7333,4.0
7334,3.5
7335,2.0
7336,4.5
7337,4.5
7338,2.5
7339,4.5
7340,2.5
7341,5.0
7342,3.5
7343,4.5
7344,5.0
7345,4.5
7346,3.0
7347,3.5
7348,3.5
7349,3.5
7350,1.5
7351,4.0
7352,3.5
7353,3.5
7354,4.5
7355,4.0
7356,4.5
7357,3.0
7358,5.0
7359,4.5
7360,3.5
7361,3.5
7362,3.0
7363,3.0
7364,4.0
7365,4.0
7366,3.5
7367,3.0
7368,2.0
7369,5.0
7370,5.0
7371,4.5
7372,4.5
7373,1.5
7374,4.0
7375,4.0
7376,4.0
7377,4.5
7378,2.5
7379,4.0
7380,3.5
7381,4.5
7382,3.5
7383,3.0
7384,3.0
7385,1.5
7386,4.5
7387,4.0
7388,4.0
7389,5.0
7390,4.0
7391,3.0
7392,4.5
7393,3.0
7394,2.5
7395,3.0
7396,2.5
7397,4.5
7398,3.5
7399,2.5
7400,4.5
7401,2.0
7402,4.5
7403,3.5
7404,5.0
7405,2.5
7406,5.0
7407,3.0
7408,3.5
7409,3.0
7410,4.0
7411,3.0
7412,3.5
7413,3.5
7414,3.0
7415,4.0
7416,5.0
7417,2.0
7418,3.0
7419,3.5
7420,3.0
7421,3.5
7422,1.5
7423,4.5
7424,5.0
7425,4.0
7426,3.5
7427,2.0
7428,4.0
7429,2.5
7430,2.5
7431,3.5
7432,2.5
7433,4.0
7434,2.0
7435,4.5
7436,4.0
7437,4.0
7438,4.5
7439,3.5
7440,4.5
7441,2.5
7442,4.0
7443,2.0
7444,5.0
7445,5.0
7446,4.5
7447,1.5
7448,3.5
7449,4.5
7450,1.5
7451,4.5
7452,3.0
7453,2.5
7454,3.0
7455,5.0
7456,4.0
7457,4.5
7458,3.0
7459,3.5
7460,3.5
7461,3.0
7462,3.0
7463,4.0
7464,5.0
7465,3.5
7466,4.5
7467,3.0
7468,3.5
7469,4.0
7470,4.5
7471,3.5
7472,3.5
7473,3.0
7474,5.0
7475,4.5
7476,5.0
7477,4.0
7478,5.0
7479,3.0
7480,3.0
7481,4.5
7482,3.5
7483,5.0
7484,3.0
7485,2.5
7486,4.0
7487,4.0
7488,5.0
7489,4.5
7490,3.5
7491,4.5
7492,3.5
7493,4.5
7494,3.5
7495,4.5
7496,1.5
7497,2.0
7498,5.0
7499,4.5
7500,2.5
7501,2.5
7502,2.0
7503,4.5
7504,4.0
7505,3.5
7506,5.0
7507,4.0
7508,3.5
7509,2.0
7510,4.0
7511,3.5
7512,4.0
7513,3.5
7514,3.0
7515,4.0
7516,3.0
7517,3.0
7518,3.0
7519,3.5
7520,3.5
7521,2.0
7522,4.5
7523,2.5
7524,4.0
7525,2.5
7526,3.5
7527,4.5
7528,1.5
7529,4.0
7530,4.5
7531,1.5
7532,3.5
7533,3.5
7534,2.0
7535,4.5
7536,3.5
7537,1.5
7538,4.0
7539,3.5
7540,4.5
7541,3.0
7542,3.5
7543,4.5
7544,4.5
7545,3.0
7546,2.5
7547,3.5
7548,3.5
7549,3.5
7550,4.5
7551,5.0
7552,3.5
7553,5.0
7554,2.0
7555,1.5
7556,3.0
7557,3.0
7558,3.0
7559,2.0
7560,2.0
7561,4.5
7562,2.5
7563,4.0
7564,4.0
7565,4.0
7566,2.5
7567,4.5
7568,4.0
7569,4.5
7570,4.5
7571,2.5
7572,4.5
7573,4.0
7574,3.5
7575,2.0
7576,3.0
7577,4.0
7578,2.0
7579,2.0
7580,2.5
7581,4.5
7582,3.5
7583,1.5
7584,4.5
7585,3.5
7586,4.0
7587,3.5
7588,3.0
7589,4.5
7590,4.5
7591,3.0
7592,5.0
7593,5.0
7594,4.5
7595,4.0
7596,5.0
7597,4.0
7598,5.0
7599,3.0
7600,4.5
7601,4.0
7602,2.0
7603,5.0
7604,3.5
7605,1.5
7606,5.0
7607,4.0
7608,3.5
7609,2.5
7610,2.5
7611,4.0
7612,4.0
7613,3.5
7614,2.0
7615,3.5
7616,3.0
7617,4.0
7618,4.0
7619,3.5
7620,2.5
7621,4.5
7622,3.0
7623,3.0
7624,4.5
7625,4.5
7626,3.5
7627,4.0
7628,2.0
7629,3.0
7630,3.5
7631,2.0
7632,2.0
7633,4.5
7634,4.5
7635,4.5
7636,5.0
7637,1.5
7638,4.0
7639,2.5
7640,4.5
7641,3.5
7642,3.0
7643,2.0
