review_length,count
1,4
2,1
3,1
5,2
6,2
9,1
10,2
11,3
12,4
13,2
14,1
15,2
16,6
17,4
18,1
19,3
20,4
21,4
22,3
23,4
24,4
25,6
26,5
27,3
28,13
29,7
30,14
31,8
32,17
33,11
34,17
35,19
36,25
37,19
38,37
39,33
40,33
41,26
42,31
43,41
44,41
45,37
46,55
47,57
48,55
49,62
50,62
51,54
52,67
53,79
54,82
55,99
56,96
57,95
58,83
59,90
60,107
61,83
62,109
63,119
64,127
65,120
66,96
67,138
68,119
69,138
70,158
71,132
72,149
73,134
74,142
75,163
76,169
77,171
78,153
79,167
80,159
81,144
82,169
83,202
84,315
85,861
86,874
87,899
88,861
89,834
90,879
91,900
92,958
93,900
94,955
95,929
96,967
97,901
98,1027
99,964
100,969
101,1047
102,975
103,1054
104,1010
105,1023
106,1033
107,1049
108,1044
109,1129
110,1075
111,1044
112,1109
113,1018
114,1092
115,1044
116,1061
117,1065
118,1108
119,1093
120,1082
121,1105
122,1093
123,1142
124,1113
125,1058
126,1157
127,1141
128,1094
129,1123
130,1169
131,1109
132,1170
133,1140
134,1120
135,1083
136,1110
137,1117
138,1198
139,1197
140,1138
141,1120
142,1064
143,1122
144,1114
145,1082
146,1171
147,1135
148,1096
149,1202
150,1134
151,1170
152,1125
153,1151
154,1089
155,1070
156,1125
157,1107
158,1161
159,1141
160,1103
161,1143
162,1094
163,1120
164,1110
165,1093
166,1121
167,1076
168,1088
169,1058
170,1079
171,1067
172,1119
173,1099
174,1114
175,1074
176,1132
177,1109
178,1030
179,1098
180,1110
181,1092
182,1072
183,1124
184,1032
185,1086
186,1126
187,1062
188,1167
189,1128
190,1096
191,1069
192,1106
193,1091
194,1118
195,1116
196,1028
197,1073
198,1075
199,1115
200,1138
201,1102
202,1092
203,1084
204,1104
205,1131
206,1065
207,1110
208,1147
209,1069
210,1081
211,1064
212,1066
213,1077
214,1156
215,1071
216,1094
217,1046
218,1112
219,1137
220,1055
221,1086
222,1074
223,1103
224,1076
225,953
226,1030
227,1027
228,1068
229,1071
230,1084
231,1072
232,1081
233,1082
234,1145
235,1028
236,1021
237,1010
238,1036
239,1106
240,1036
241,1013
242,1010
243,1050
244,1099
245,1048
246,1047
247,1042
248,1047
249,1051
250,1027
251,995
252,988
253,1037
254,1006
255,1011
256,993
257,1067
258,1035
259,987
260,1011
261,1055
262,988
263,1079
264,991
265,1029
266,994
267,1020
268,1002
269,951
270,1003
271,967
272,1005
273,986
274,968
275,996
276,1019
277,988
278,971
279,965
280,965
281,918
282,1001
283,1020
284,949
285,988
286,984
287,1022
288,982
289,916
290,997
291,938
292,941
293,978
294,957
295,900
296,907
297,968
298,965
299,990
300,952
301,968
302,940
303,920
304,905
305,936
306,947
307,934
308,892
309,945
310,949
311,901
312,957
313,942
314,892
315,906
316,901
317,856
318,951
319,949
320,932
321,893
322,926
323,905
324,863
325,896
326,887
327,866
328,901
329,893
330,883
331,902
332,878
333,859
334,877
335,900
336,847
337,844
338,842
339,849
340,860
341,849
342,857
343,827
344,819
345,831
346,810
347,887
348,854
349,892
350,838
351,826
352,799
353,811
354,831
355,785
356,818
357,815
358,798
359,832
360,789
361,840
362,813
363,788
364,836
365,769
366,823
367,816
368,795
369,774
370,754
371,800
372,799
373,773
374,761
375,814
376,833
377,778
378,759
379,807
380,783
381,784
382,807
383,779
384,754
385,771
386,768
387,783
388,762
389,810
390,735
391,777
392,757
393,740
394,773
395,804
396,732
397,732
398,718
399,733
400,738
401,719
402,717
403,724
404,706
405,714
406,719
407,747
408,740
409,717
410,757
411,774
412,714
413,756
414,725
415,694
416,775
417,736
418,786
419,716
420,717
421,701
422,736
423,710
424,729
425,665
426,707
427,737
428,710
429,740
430,749
431,694
432,717
433,695
434,632
435,670
436,685
437,698
438,659
439,618
440,680
441,662
442,697
443,669
444,663
445,680
446,650
447,654
448,697
449,630
450,619
451,665
452,647
453,642
454,649
455,621
456,633
457,680
458,631
459,664
460,633
461,615
462,639
463,607
464,588
465,661
466,603
467,622
468,623
469,600
470,616
471,650
472,651
473,630
474,657
475,602
476,598
477,597
478,597
479,607
480,623
481,553
482,615
483,582
484,595
485,614
486,644
487,594
488,597
489,615
490,576
491,611
492,609
493,575
494,599
495,630
496,619
497,586
498,601
499,610
500,572
501,525
502,600
503,578
504,528
505,564
506,554
507,565
508,565
509,570
510,542
511,588
512,572
513,562
514,538
515,567
516,552
517,521
518,578
519,491
520,522
521,618
522,541
523,543
524,544
525,569
526,549
527,543
528,530
529,549
530,566
531,546
532,503
533,526
534,600
535,547
536,520
537,519
538,535
539,531
540,512
541,576
542,492
543,494
544,509
545,517
546,481
547,490
548,531
549,504
550,466
551,545
552,494
553,514
554,526
555,508
556,511
557,487
558,520
559,514
560,498
561,503
562,502
563,516
564,474
565,478
566,480
567,493
568,474
569,504
570,461
571,474
572,492
573,491
574,481
575,463
576,550
577,511
578,474
579,446
580,480
581,454
582,465
583,472
584,484
585,451
586,480
587,466
588,494
589,495
590,460
591,451
592,439
593,445
594,468
595,446
596,436
597,445
598,437
599,422
600,473
601,416
602,446
603,479
604,433
605,462
606,464
607,473
608,433
609,456
610,430
611,422
612,419
613,404
614,443
615,472
616,449
617,433
618,406
619,429
620,431
621,443
622,453
623,470
624,438
625,407
626,425
627,423
628,447
629,415
630,431
631,419
632,401
633,446
634,437
635,419
636,437
637,420
638,431
639,421
640,415
641,431
642,441
643,403
644,422
645,406
646,393
647,429
648,420
649,426
650,396
651,412
652,400
653,437
654,393
655,373
656,381
657,407
658,379
659,396
660,377
661,388
662,418
663,371
664,386
665,397
666,370
667,383
668,406
669,379
670,407
671,351
672,413
673,385
674,376
675,398
676,370
677,351
678,357
679,390
680,366
681,383
682,383
683,388
684,364
685,366
686,317
687,350
688,373
689,378
690,321
691,333
692,341
693,362
694,363
695,338
696,361
697,323
698,338
699,365
700,359
701,336
702,368
703,371
704,373
705,377
706,375
707,352
708,354
709,342
710,332
711,327
712,345
713,319
714,325
715,347
716,331
717,357
718,358
719,357
720,346
721,310
722,367
723,357
724,310
725,360
726,353
727,306
728,341
729,327
730,324
731,341
732,332
733,342
734,343
735,310
736,322
737,336
738,305
739,329
740,310
741,345
742,339
743,304
744,305
745,320
746,346
747,292
748,344
749,314
750,308
751,313
752,297
753,321
754,292
755,312
756,301
757,302
758,335
759,343
760,329
761,281
762,320
763,310
764,323
765,297
766,318
767,305
768,316
769,303
770,309
771,300
772,327
773,280
774,261
775,277
776,339
777,313
778,284
779,310
780,277
781,277
782,287
783,274
784,303
785,315
786,326
787,293
788,289
789,281
790,332
791,287
792,279
793,280
794,276
795,285
796,279
797,276
798,287
799,300
800,283
801,310
802,292
803,285
804,304
805,277
806,252
807,283
808,288
809,294
810,269
811,278
812,275
813,275
814,265
815,257
816,252
817,256
818,274
819,276
820,277
821,290
822,279
823,244
824,275
825,244
826,276
827,290
828,288
829,267
830,252
831,275
832,294
833,265
834,255
835,264
836,256
837,264
838,264
839,306
840,270
841,268
842,268
843,287
844,272
845,245
846,250
847,239
848,244
849,260
850,282
851,240
852,250
853,259
854,238
855,234
856,271
857,237
858,263
859,256
860,212
861,264
862,221
863,253
864,233
865,211
866,226
867,230
868,241
869,246
870,252
871,237
872,235
873,243
874,256
875,219
876,231
877,243
878,241
879,256
880,226
881,223
882,230
883,234
884,250
885,266
886,215
887,238
888,203
889,227
890,244
891,206
892,249
893,219
894,232
895,236
896,214
897,217
898,218
899,230
900,239
901,227
902,245
903,219
904,231
905,229
906,225
907,213
908,226
909,226
910,240
911,202
912,203
913,207
914,231
915,205
916,192
917,208
918,213
919,233
920,226
921,213
922,215
923,202
924,213
925,201
926,215
927,202
928,204
929,212
930,185
931,199
932,217
933,231
934,226
935,220
936,197
937,215
938,200
939,202
940,189
941,203
942,207
943,176
944,209
945,195
946,204
947,223
948,220
949,193
950,178
951,183
952,201
953,202
954,183
955,196
956,207
957,200
958,189
959,191
960,191
961,211
962,194
963,206
964,199
965,184
966,166
967,192
968,179
969,191
970,200
971,166
972,187
973,184
974,171
975,213
976,179
977,218
978,178
979,178
980,207
981,173
982,167
983,146
984,191
985,197
986,201
987,196
988,156
989,176
990,155
991,171
992,169
993,184
994,134
995,184
996,180
997,156
998,199
999,177
1000,177
1001,174
1002,169
1003,195
1004,175
1005,171
1006,154
1007,168
1008,181
1009,161
1010,164
1011,164
1012,190
1013,165
1014,174
1015,159
1016,165
1017,175
1018,146
1019,183
1020,177
1021,167
1022,176
1023,141
1024,155
1025,195
1026,169
1027,162
1028,154
1029,187
1030,167
1031,164
1032,172
1033,165
1034,150
1035,175
1036,164
1037,160
1038,178
1039,148
1040,160
1041,181
1042,158
1043,163
1044,161
1045,169
1046,150
1047,159
1048,160
1049,146
1050,156
1051,169
1052,142
1053,163
1054,163
1055,151
1056,138
1057,148
1058,152
1059,159
1060,168
1061,152
1062,145
1063,149
1064,152
1065,159
1066,141
1067,171
1068,152
1069,134
1070,137
1071,177
1072,153
1073,144
1074,135
1075,171
1076,162
1077,155
1078,129
1079,151
1080,158
1081,142
1082,137
1083,155
1084,126
1085,137
1086,136
1087,128
1088,147
1089,143
1090,144
1091,133
1092,163
1093,142
1094,139
1095,131
1096,142
1097,126
1098,151
1099,128
1100,128
1101,150
1102,153
1103,134
1104,136
1105,130
1106,127
1107,125
1108,155
1109,148
1110,140
1111,135
1112,111
1113,147
1114,156
1115,133
1116,159
1117,126
1118,137
1119,138
1120,121
1121,148
1122,134
1123,127
1124,142
1125,135
1126,140
1127,127
1128,133
1129,131
1130,138
1131,138
1132,133
1133,125
1134,146
1135,123
1136,112
1137,120
1138,110
1139,124
1140,116
1141,135
1142,124
1143,130
1144,129
1145,126
1146,114
1147,115
1148,115
1149,112
1150,119
1151,117
1152,109
1153,111
1154,112
1155,135
1156,130
1157,109
1158,117
1159,107
1160,132
1161,127
1162,127
1163,120
1164,128
1165,138
1166,115
1167,128
1168,119
1169,111
1170,121
1171,122
1172,117
1173,107
1174,117
1175,126
1176,144
1177,128
1178,107
1179,118
1180,108
1181,110
1182,119
1183,120
1184,122
1185,113
1186,121
1187,112
1188,127
1189,112
1190,105
1191,131
1192,124
1193,118
1194,93
1195,107
1196,115
1197,128
1198,109
1199,122
1200,108
1201,141
1202,115
1203,114
1204,112
1205,88
1206,98
1207,112
1208,115
1209,122
1210,115
1211,109
1212,115
1213,107
1214,106
1215,115
1216,95
1217,115
1218,115
1219,122
1220,117
1221,100
1222,117
1223,101
1224,111
1225,117
1226,115
1227,119
1228,109
1229,118
1230,79
1231,106
1232,123
1233,124
1234,100
1235,96
1236,107
1237,104
1238,103
1239,109
1240,106
1241,107
1242,114
1243,90
1244,101
1245,97
1246,92
1247,94
1248,109
1249,95
1250,121
1251,104
1252,92
1253,108
1254,104
1255,100
1256,101
1257,108
1258,97
1259,102
1260,103
1261,117
1262,101
1263,104
1264,110
1265,89
1266,94
1267,102
1268,108
1269,100
1270,97
1271,104
1272,87
1273,82
1274,109
1275,83
1276,89
1277,84
1278,80
1279,98
1280,91
1281,107
1282,89
1283,93
1284,106
1285,98
1286,89
1287,99
1288,91
1289,101
1290,82
1291,90
1292,106
1293,97
1294,71
1295,95
1296,97
1297,85
1298,80
1299,77
1300,92
1301,66
1302,76
1303,96
1304,107
1305,93
1306,93
1307,84
1308,87
1309,88
1310,91
1311,84
1312,91
1313,97
1314,103
1315,92
1316,88
1317,74
1318,97
1319,88
1320,111
1321,82
1322,85
1323,77
1324,80
1325,96
1326,84
1327,77
1328,88
1329,102
1330,73
1331,82
1332,78
1333,97
1334,92
1335,99
1336,105
1337,82
1338,83
1339,73
1340,95
1341,86
1342,73
1343,75
1344,83
1345,82
1346,98
1347,84
1348,79
1349,74
1350,77
1351,88
1352,81
1353,81
1354,80
1355,82
1356,73
1357,66
1358,77
1359,94
1360,67
1361,83
1362,93
1363,74
1364,68
1365,79
1366,83
1367,61
1368,78
1369,74
1370,76
1371,95
1372,80
1373,82
1374,80
1375,62
1376,73
1377,67
1378,80
1379,103
1380,76
1381,80
1382,81
1383,71
1384,90
1385,81
1386,76
1387,78
1388,73
1389,67
1390,84
1391,64
1392,67
1393,85
1394,89
1395,88
1396,86
1397,87
1398,61
1399,66
1400,87
1401,79
1402,73
1403,77
1404,70
1405,64
1406,67
1407,82
1408,53
1409,69
1410,69
1411,57
1412,72
1413,66
1414,60
1415,75
1416,80
1417,64
1418,73
1419,73
1420,75
1421,93
1422,77
1423,63
1424,86
1425,72
1426,78
1427,69
1428,70
1429,65
1430,63
1431,62
1432,60
1433,58
1434,55
1435,72
1436,64
1437,78
1438,66
1439,86
1440,65
1441,74
1442,87
1443,79
1444,70
1445,77
1446,71
1447,54
1448,74
1449,65
1450,65
1451,66
1452,60
1453,72
1454,70
1455,64
1456,59
1457,68
1458,71
1459,74
1460,60
1461,72
1462,64
1463,58
1464,51
1465,79
1466,58
1467,53
1468,61
1469,57
1470,80
1471,63
1472,49
1473,81
1474,56
1475,64
1476,65
1477,74
1478,72
1479,60
1480,59
1481,60
1482,77
1483,70
1484,76
1485,65
1486,58
1487,72
1488,60
1489,73
1490,77
1491,50
1492,51
1493,56
1494,64
1495,59
1496,53
1497,52
1498,53
1499,78
1500,62
1501,64
1502,64
1503,46
1504,52
1505,71
1506,57
1507,56
1508,63
1509,76
1510,57
1511,63
1512,58
1513,77
1514,66
1515,59
1516,56
1517,65
1518,70
1519,56
1520,49
1521,68
1522,54
1523,53
1524,62
1525,59
1526,55
1527,58
1528,44
1529,58
1530,55
1531,46
1532,58
1533,56
1534,56
1535,48
1536,41
1537,48
1538,53
1539,50
1540,68
1541,55
1542,56
1543,59
1544,46
1545,70
1546,56
1547,47
1548,56
1549,65
1550,45
1551,60
1552,57
1553,56
1554,71
1555,55
1556,65
1557,64
1558,65
1559,65
1560,49
1561,54
1562,57
1563,44
1564,63
1565,67
1566,61
1567,51
1568,49
1569,63
1570,64
1571,59
1572,56
1573,50
1574,65
1575,49
1576,52
1577,48
1578,54
1579,51
1580,54
1581,70
1582,54
1583,59
1584,44
1585,40
1586,56
1587,41
1588,51
1589,51
1590,57
1591,43
1592,59
1593,60
1594,52
1595,44
1596,45
1597,53
1598,62
1599,50
1600,49
1601,62
1602,47
1603,41
1604,46
1605,58
1606,51
1607,35
1608,50
1609,46
1610,49
1611,47
1612,41
1613,40
1614,51
1615,55
1616,58
1617,48
1618,47
1619,52
1620,48
1621,46
1622,37
1623,39
1624,33
1625,49
1626,35
1627,39
1628,51
1629,53
1630,44
1631,49
1632,41
1633,47
1634,43
1635,33
1636,33
1637,32
1638,49
1639,52
1640,50
1641,37
1642,55
1643,49
1644,49
1645,43
1646,40
1647,48
1648,45
1649,42
1650,36
1651,61
1652,56
1653,40
1654,49
1655,41
1656,42
1657,50
1658,48
1659,45
1660,46
1661,49
1662,48
1663,42
1664,55
1665,56
1666,55
1667,49
1668,58
1669,50
1670,34
1671,44
1672,43
1673,35
1674,37
1675,35
1676,46
1677,42
1678,41
1679,58
1680,41
1681,40
1682,35
1683,46
1684,40
1685,36
1686,51
1687,48
1688,53
1689,42
1690,37
1691,43
1692,48
1693,43
1694,42
1695,39
1696,47
1697,44
1698,31
1699,35
1700,40
1701,36
1702,42
1703,37
1704,37
1705,30
1706,27
1707,36
1708,50
1709,37
1710,35
1711,43
1712,47
1713,37
1714,40
1715,45
1716,31
1717,26
1718,55
1719,53
1720,36
1721,40
1722,51
1723,40
1724,44
1725,38
1726,41
1727,42
1728,52
1729,46
1730,46
1731,33
1732,34
1733,37
1734,44
1735,38
1736,43
1737,42
1738,40
1739,49
1740,35
1741,49
1742,26
1743,31
1744,40
1745,42
1746,50
1747,40
1748,31
1749,39
1750,36
1751,40
1752,48
1753,36
1754,42
1755,39
1756,30
1757,42
1758,37
1759,40
1760,44
1761,37
1762,44
1763,36
1764,38
1765,28
1766,36
1767,39
1768,27
1769,37
1770,34
1771,41
1772,40
1773,37
1774,35
1775,45
1776,26
1777,32
1778,29
1779,51
1780,25
1781,36
1782,41
1783,35
1784,44
1785,55
1786,38
1787,42
1788,33
1789,32
1790,32
1791,30
1792,18
1793,39
1794,27
1795,38
1796,29
1797,50
1798,27
1799,32
1800,36
1801,39
1802,21
1803,31
1804,31
1805,28
1806,27
1807,38
1808,44
1809,36
1810,30
1811,24
1812,35
1813,43
1814,37
1815,29
1816,38
1817,36
1818,37
1819,31
1820,30
1821,24
1822,29
1823,41
1824,24
1825,36
1826,36
1827,39
1828,33
1829,32
1830,31
1831,35
1832,37
1833,37
1834,29
1835,31
1836,26
1837,26
1838,32
1839,24
1840,24
1841,36
1842,30
1843,30
1844,28
1845,33
1846,30
1847,31
1848,26
1849,33
1850,32
1851,28
1852,39
1853,19
1854,45
1855,31
1856,31
1857,25
1858,31
1859,33
1860,46
1861,24
1862,45
1863,23
1864,18
1865,38
1866,30
1867,25
1868,28
1869,37
1870,25
1871,23
1872,29
1873,28
1874,31
1875,31
1876,28
1877,24
1878,30
1879,32
1880,35
1881,27
1882,33
1883,34
1884,32
1885,30
1886,34
1887,38
1888,27
1889,31
1890,35
1891,23
1892,38
1893,28
1894,24
1895,38
1896,25
1897,33
1898,31
1899,27
1900,31
1901,27
1902,33
1903,20
1904,27
1905,21
1906,33
1907,29
1908,24
1909,25
1910,30
1911,21
1912,24
1913,34
1914,27
1915,29
1916,30
1917,32
1918,33
1919,31
1920,28
1921,18
1922,33
1923,33
1924,38
1925,16
1926,20
1927,34
1928,31
1929,23
1930,17
1931,21
1932,38
1933,27
1934,22
1935,25
1936,33
1937,21
1938,17
1939,33
1940,13
1941,32
1942,28
1943,33
1944,20
1945,23
1946,22
1947,30
1948,23
1949,25
1950,36
1951,27
1952,23
1953,38
1954,36
1955,32
1956,24
1957,31
1958,20
1959,21
1960,19
1961,17
1962,24
1963,23
1964,27
1965,20
1966,19
1967,29
1968,24
1969,31
1970,17
1971,26
1972,20
1973,22
1974,25
1975,33
1976,28
1977,22
1978,26
1979,29
1980,26
1981,24
1982,32
1983,21
1984,28
1985,19
1986,20
1987,21
1988,25
1989,20
1990,27
1991,24
1992,29
1993,32
1994,27
1995,29
1996,32
1997,19
1998,25
1999,30
2000,20
2001,21
2002,19
2003,28
2004,22
2005,19
2006,20
2007,31
2008,20
2009,20
2010,20
2011,16
2012,16
2013,32
2014,21
2015,13
2016,20
2017,21
2018,20
2019,19
2020,24
2021,21
2022,20
2023,25
2024,26
2025,30
2026,23
2027,27
2028,20
2029,24
2030,24
2031,22
2032,19
2033,26
2034,24
2035,23
2036,22
2037,16
2038,20
2039,27
2040,24
2041,13
2042,27
2043,18
2044,30
2045,24
2046,38
2047,21
2048,24
2049,36
2050,24
2051,19
2052,17
2053,15
2054,17
2055,19
2056,19
2057,21
2058,27
2059,26
2060,22
2061,20
2062,12
2063,23
2064,22
2065,27
2066,15
2067,20
2068,17
2069,23
2070,24
2071,23
2072,17
2073,19
2074,21
2075,17
2076,23
2077,19
2078,29
2079,15
2080,13
2081,20
2082,22
2083,18
2084,21
2085,23
2086,21
2087,24
2088,25
2089,24
2090,18
2091,18
2092,27
2093,20
2094,24
2095,24
2096,23
2097,24
2098,20
2099,11
2100,18
2101,26
2102,21
2103,9
2104,18
2105,18
2106,29
2107,20
2108,20
2109,23
2110,18
2111,20
2112,18
2113,29
2114,18
2115,22
2116,22
2117,19
2118,15
2119,20
2120,13
2121,20
2122,16
2123,18
2124,26
2125,17
2126,20
2127,19
2128,17
2129,21
2130,20
2131,22
2132,16
2133,15
2134,13
2135,24
2136,25
2137,19
2138,9
2139,10
2140,20
2141,24
2142,21
2143,24
2144,30
2145,20
2146,23
2147,19
2148,16
2149,18
2150,17
2151,20
2152,15
2153,20
2154,17
2155,18
2156,16
2157,24
2158,19
2159,17
2160,17
2161,23
2162,23
2163,17
2164,18
2165,17
2166,24
2167,16
2168,15
2169,15
2170,23
2171,16
2172,13
2173,27
2174,15
2175,20
2176,20
2177,22
2178,16
2179,23
2180,13
2181,22
2182,16
2183,8
2184,15
2185,17
2186,32
2187,20
2188,11
2189,14
2190,14
2191,21
2192,22
2193,23
2194,17
2195,21
2196,26
2197,22
2198,17
2199,13
2200,24
2201,13
2202,19
2203,17
2204,14
2205,17
2206,14
2207,10
2208,14
2209,14
2210,18
2211,10
2212,21
2213,17
2214,19
2215,16
2216,18
2217,15
2218,18
2219,23
2220,21
2221,9
2222,13
2223,19
2224,23
2225,16
2226,14
2227,21
2228,16
2229,22
2230,17
2231,22
2232,15
2233,20
2234,17
2235,19
2236,19
2237,9
2238,20
2239,16
2240,9
2241,14
2242,20
2243,17
2244,18
2245,16
2246,11
2247,22
2248,17
2249,13
2250,12
2251,16
2252,16
2253,20
2254,17
2255,17
2256,22
2257,11
2258,11
2259,16
2260,17
2261,6
2262,19
2263,9
2264,10
2265,19
2266,20
2267,23
2268,21
2269,19
2270,12
2271,13
2272,17
2273,17
2274,19
2275,13
2276,15
2277,19
2278,7
2279,14
2280,13
2281,13
2282,11
2283,15
2284,17
2285,10
2286,11
2287,8
2288,16
2289,19
2290,12
2291,12
2292,18
2293,19
2294,8
2295,9
2296,17
2297,20
2298,15
2299,13
2300,7
2301,17
2302,8
2303,16
2304,15
2305,13
2306,5
2307,15
2308,7
2309,20
2310,17
2311,9
2312,11
2313,21
2314,22
2315,13
2316,9
2317,12
2318,16
2319,14
2320,17
2321,12
2322,11
2323,18
2324,13
2325,13
2326,13
2327,13
2328,11
2329,9
2330,11
2331,13
2332,9
2333,12
2334,6
2335,14
2336,13
2337,14
2338,11
2339,16
2340,13
2341,21
2342,11
2343,12
2344,13
2345,5
2346,16
2347,17
2348,11
2349,14
2350,13
2351,9
2352,10
2353,17
2354,12
2355,15
2356,15
2357,11
2358,12
2359,12
2360,12
2361,9
2362,11
2363,11
2364,12
2365,6
2366,16
2367,14
2368,13
2369,11
2370,21
2371,13
2372,9
2373,14
2374,12
2375,9
2376,16
2377,8
2378,10
2379,20
2380,11
2381,11
2382,14
2383,19
2384,8
2385,10
2386,6
2387,13
2388,12
2389,6
2390,12
2391,14
2392,14
2393,13
2394,9
2395,17
2396,10
2397,8
2398,12
2399,14
2400,16
2401,11
2402,11
2403,8
2404,14
2405,10
2406,14
2407,14
2408,11
2409,10
2410,16
2411,12
2412,10
2413,12
2414,11
2415,12
2416,13
2417,7
2418,14
2419,20
2420,15
2421,13
2422,13
2423,13
2424,13
2425,11
2426,11
2427,14
2428,20
2429,15
2430,17
2431,18
2432,9
2433,12
2434,9
2435,11
2436,16
2437,13
2438,10
2439,12
2440,12
2441,14
2442,11
2443,13
2444,8
2445,13
2446,12
2447,10
2448,8
2449,18
2450,13
2451,14
2452,12
2453,9
2454,13
2455,13
2456,8
2457,9
2458,11
2459,9
2460,10
2461,9
2462,15
2463,8
2464,11
2465,8
2466,6
2467,6
2468,11
2469,16
2470,19
2471,14
2472,13
2473,10
2474,10
2475,8
2476,9
2477,10
2478,9
2479,17
2480,5
2481,13
2482,7
2483,10
2484,18
2485,12
2486,8
2487,15
2488,11
2489,8
2490,10
2491,7
2492,11
2493,12
2494,14
2495,5
2496,12
2497,4
2498,6
2499,7
2500,9
2501,13
2502,14
2503,13
2504,14
2505,11
2506,13
2507,7
2508,10
2509,15
2510,8
2511,9
2512,12
2513,5
2514,11
2515,6
2516,9
2517,10
2518,10
2519,7
2520,10
2521,9
2522,10
2523,10
2524,9
2525,10
2526,12
2527,9
2528,4
2529,10
2530,13
2531,6
2532,11
2533,13
2534,8
2535,17
2536,8
2537,6
2538,16
2539,7
2540,14
2541,7
2542,10
2543,8
2544,10
2545,10
2546,11
2547,14
2548,14
2549,15
2550,9
2551,8
2552,6
2553,8
2554,6
2555,7
2556,10
2557,6
2558,15
2559,11
2560,8
2561,6
2562,8
2563,11
2564,10
2565,12
2566,8
2567,5
2568,4
2569,10
2570,13
2571,12
2572,13
2573,9
2574,13
2575,11
2576,11
2577,11
2578,10
2579,7
2580,11
2581,8
2582,8
2583,7
2584,9
2585,11
2586,12
2587,8
2588,8
2589,9
2590,7
2591,7
2592,2
2593,15
2594,11
2595,8
2596,9
2597,7
2598,5
2599,8
2600,6
2601,7
2602,16
2603,11
2604,7
2605,11
2606,12
2607,3
2608,6
2609,7
2610,13
2611,8
2612,6
2613,10
2614,15
2615,5
2616,13
2617,11
2618,7
2619,9
2620,11
2621,18
2622,11
2623,7
2624,9
2625,6
2626,12
2627,8
2628,9
2629,10
2630,6
2631,11
2632,4
2633,13
2634,7
2635,9
2636,9
2637,9
2638,9
2639,8
2640,10
2641,10
2642,5
2643,11
2644,7
2645,12
2646,4
2647,14
2648,12
2649,6
2650,9
2651,6
2652,2
2653,6
2654,4
2655,7
2656,10
2657,6
2658,4
2659,8
2660,7
2661,7
2662,9
2663,3
2664,11
2665,15
2666,5
2667,14
2668,5
2669,11
2670,12
2671,13
2672,7
2673,9
2674,5
2675,8
2676,7
2677,9
2678,9
2679,9
2680,4
2681,3
2682,4
2683,6
2684,15
2685,7
2686,4
2687,14
2688,11
2689,6
2690,15
2691,4
2692,8
2693,11
2694,7
2695,4
2696,13
2697,5
2698,4
2699,9
2700,7
2701,5
2702,4
2703,6
2704,7
2705,10
2706,8
2707,4
2708,9
2709,10
2710,7
2711,3
2712,8
2713,4
2714,8
2715,3
2716,6
2717,7
2718,7
2719,9
2720,6
2721,7
2722,9
2723,9
2724,12
2725,7
2726,6
2727,3
2728,12
2729,8
2730,15
2731,8
2732,4
2733,4
2734,7
2735,6
2736,10
2737,10
2738,9
2739,5
2740,6
2741,7
2742,7
2743,8
2744,6
2745,2
2746,5
2747,7
2748,4
2749,7
2750,5
2751,7
2752,8
2753,6
2754,8
2755,7
2756,7
2757,8
2758,5
2759,5
2760,8
2761,8
2762,6
2763,7
2764,5
2765,8
2766,3
2767,5
2768,9
2769,9
2770,6
2771,5
2772,10
2773,6
2774,7
2775,4
2776,5
2777,8
2778,6
2779,5
2780,9
2781,9
2782,5
2783,6
2784,2
2785,7
2786,9
2787,6
2788,10
2789,6
2790,6
2791,9
2792,6
2793,5
2794,6
2795,5
2796,8
2797,6
2798,8
2799,5
2800,7
2801,9
2802,6
2803,6
2804,7
2805,3
2806,7
2807,7
2808,5
2809,7
2810,5
2811,5
2812,5
2813,5
2814,6
2815,10
2816,7
2817,7
2818,5
2819,4
2820,5
2821,4
2822,2
2823,3
2824,12
2825,10
2826,6
2827,4
2828,8
2829,9
2830,4
2831,1
2832,3
2833,6
2834,4
2835,5
2836,4
2837,5
2838,6
2839,4
2840,10
2841,5
2842,3
2843,9
2844,6
2845,7
2846,7
2847,2
2848,5
2849,9
2850,5
2851,11
2852,11
2853,6
2854,5
2855,8
2856,4
2857,4
2858,8
2859,6
2860,5
2861,7
2862,3
2863,7
2864,4
2865,4
2866,8
2867,5
2868,2
2869,7
2870,6
2871,8
2872,9
2873,8
2874,8
2875,3
2876,4
2877,5
2878,5
2879,5
2880,9
2881,8
2882,7
2883,6
2884,7
2885,8
2886,7
2887,7
2888,4
2889,8
2890,4
2891,5
2892,4
2893,4
2894,2
2895,4
2896,6
2897,9
2898,6
2899,2
2900,4
2901,7
2902,7
2903,4
2904,3
2905,4
2906,6
2907,7
2908,8
2909,5
2910,3
2911,7
2912,4
2913,7
2914,3
2915,5
2916,11
2917,8
2918,6
2919,4
2920,11
2921,5
2922,8
2923,5
2924,5
2925,2
2926,8
2927,4
2928,6
2929,6
2930,7
2931,3
2932,8
2933,6
2934,8
2935,7
2936,4
2937,4
2938,3
2939,8
2940,9
2941,8
2942,5
2943,2
2944,9
2945,7
2946,4
2947,9
2948,5
2949,3
2950,6
2951,3
2952,9
2953,4
2954,3
2955,8
2956,6
2957,5
2958,4
2959,4
2960,11
2961,4
2962,9
2963,1
2964,1
2965,6
2966,10
2967,3
2968,3
2969,4
2970,5
2971,8
2972,7
2973,5
2974,3
2975,3
2976,4
2977,4
2978,3
2979,5
2980,9
2981,5
2982,9
2983,2
2984,5
2985,5
2986,8
2987,4
2988,3
2989,8
2990,6
2991,8
2992,6
2993,8
2994,3
2995,10
2996,5
2997,3
2998,4
2999,7
3000,5
3001,5
3002,6
3003,5
3004,5
3005,9
3006,4
3007,8
3008,2
3009,3
3010,3
3011,7
3012,5
3013,1
3014,4
3015,6
3016,8
3017,3
3018,3
3019,5
3020,6
3021,4
3022,3
3023,3
3024,3
3025,3
3026,3
3027,3
3028,6
3029,6
3030,8
3031,3
3032,3
3033,5
3034,1
3035,7
3036,3
3037,5
3038,8
3039,5
3040,7
3041,7
3042,5
3043,6
3044,10
3045,10
3047,4
3048,6
3049,5
3050,5
3051,5
3052,6
3053,4
3054,5
3055,7
3056,6
3057,9
3058,6
3059,5
3060,6
3061,1
3062,2
3063,3
3064,3
3065,2
3066,3
3067,5
3068,5
3069,1
3070,6
3071,7
3072,7
3073,6
3074,5
3075,6
3076,4
3077,4
3078,4
3079,7
3080,5
3081,6
3082,1
3083,4
3084,4
3085,5
3086,6
3087,2
3088,2
3089,2
3090,4
3091,7
3092,4
3093,3
3094,4
3095,5
3096,3
3097,2
3098,6
3099,1
3100,3
3101,6
3102,2
3103,1
3104,3
3105,8
3106,5
3107,2
3108,2
3109,4
3110,6
3111,4
3112,2
3113,5
3114,4
3115,6
3116,4
3117,2
3119,1
3120,5
3121,5
3122,3
3123,5
3124,4
3125,7
3126,3
3127,3
3128,5
3129,5
3130,6
3131,7
3132,3
3133,1
3134,6
3135,8
3136,3
3137,5
3138,4
3139,6
3140,1
3141,1
3142,3
3143,7
3144,4
3145,2
3146,5
3147,8
3148,3
3149,2
3150,4
3151,5
3152,3
3153,1
3154,3
3155,4
3156,3
3157,3
3158,1
3159,5
3160,4
3161,8
3162,3
3163,2
3164,3
3165,1
3166,6
3167,5
3168,1
3169,7
3170,5
3171,4
3172,4
3173,3
3174,5
3175,1
3176,10
3177,4
3178,6
3179,2
3180,14
3181,8
3182,6
3183,4
3184,6
3185,3
3186,4
3187,5
3188,7
3189,4
3190,5
3191,8
3192,3
3193,7
3194,6
3195,4
3196,2
3197,5
3198,2
3199,4
3200,6
3201,3
3202,3
3203,4
3204,5
3205,4
3206,2
3207,2
3208,3
3209,5
3211,2
3212,5
3213,6
3214,3
3215,6
3216,9
3217,2
3218,3
3219,1
3220,3
3222,3
3223,7
3224,8
3225,5
3226,4
3227,4
3228,5
3229,4
3231,7
3232,3
3233,4
3234,1
3235,5
3236,3
3237,1
3238,2
3239,1
3240,3
3241,6
3242,2
3243,3
3244,4
3245,6
3246,4
3247,3
3248,2
3249,5
3250,1
3251,6
3252,1
3253,1
3254,4
3255,3
3256,5
3257,3
3258,4
3259,3
3260,5
3261,3
3263,3
3264,5
3265,4
3266,5
3267,3
3268,4
3269,3
3270,1
3271,2
3272,1
3273,2
3274,5
3275,3
3276,2
3277,4
3278,4
3279,6
3280,3
3281,3
3282,1
3283,3
3284,5
3285,3
3286,4
3287,6
3288,2
3289,5
3290,4
3291,5
3292,3
3293,3
3294,3
3295,4
3296,5
3297,2
3298,6
3299,6
3300,1
3301,7
3302,5
3303,5
3304,2
3306,2
3308,2
3309,4
3310,4
3311,4
3312,4
3313,4
3314,7
3315,4
3316,1
3317,1
3319,1
3320,2
3321,3
3322,3
3323,2
3324,4
3325,4
3326,7
3327,4
3328,2
3329,2
3330,4
3331,2
3332,4
3333,3
3334,5
3335,4
3336,3
3337,5
3338,5
3339,3
3340,3
3341,7
3342,4
3343,1
3344,6
3345,5
3347,1
3348,2
3349,3
3350,4
3351,5
3352,7
3353,1
3354,2
3355,3
3356,1
3357,3
3358,2
3359,2
3360,3
3361,2
3362,2
3363,5
3364,3
3365,1
3366,3
3367,5
3368,4
3369,3
3370,3
3371,3
3372,1
3373,5
3374,3
3375,5
3376,4
3377,3
3378,2
3379,3
3380,2
3381,4
3382,5
3383,7
3384,2
3385,4
3386,6
3387,2
3388,3
3389,1
3390,7
3391,5
3392,4
3393,4
3394,3
3395,1
3396,3
3397,6
3398,6
3399,4
3400,2
3401,3
3402,1
3403,4
3405,4
3406,2
3407,4
3408,1
3409,2
3410,3
3411,2
3412,6
3413,1
3414,1
3415,4
3416,2
3417,3
3418,5
3419,3
3420,5
3421,4
3422,4
3423,3
3424,2
3425,5
3426,3
3427,8
3428,2
3429,8
3430,3
3431,4
3433,4
3434,2
3435,5
3436,1
3437,2
3438,2
3439,3
3441,3
3442,3
3443,1
3446,7
3447,9
3448,2
3450,5
3451,2
3452,1
3453,4
3454,5
3455,3
3456,4
3457,1
3458,5
3459,4
3460,6
3461,4
3462,1
3463,6
3464,3
3465,1
3466,1
3467,2
3468,2
3470,3
3471,3
3472,2
3473,2
3474,2
3475,3
3476,4
3477,5
3478,1
3479,4
3480,2
3481,3
3482,4
3483,4
3485,2
3486,4
3487,3
3488,3
3490,2
3491,3
3492,2
3493,2
3494,3
3495,3
3496,2
3497,8
3498,4
3499,4
3500,1
3501,4
3503,3
3504,1
3505,5
3506,1
3507,3
3508,7
3509,2
3510,7
3511,1
3512,7
3513,1
3514,4
3515,3
3517,2
3518,1
3519,3
3521,3
3522,1
3523,3
3524,4
3525,5
3526,5
3527,3
3528,3
3529,2
3530,1
3531,2
3532,4
3533,2
3534,1
3535,3
3536,2
3537,3
3538,1
3540,4
3541,1
3542,3
3543,3
3544,2
3545,2
3547,3
3548,4
3549,2
3550,2
3551,2
3552,1
3553,4
3554,2
3555,1
3556,2
3558,4
3559,4
3560,3
3561,2
3562,3
3563,3
3564,2
3565,3
3566,3
3567,5
3568,1
3569,2
3570,2
3571,3
3572,2
3573,1
3574,1
3576,4
3577,1
3578,2
3580,1
3581,5
3582,2
3584,3
3586,1
3587,3
3589,5
3590,1
3591,3
3592,4
3593,4
3594,3
3595,2
3596,2
3597,2
3599,3
3600,1
3601,5
3602,4
3603,3
3604,3
3605,2
3606,3
3608,2
3609,1
3610,2
3611,4
3612,4
3613,1
3614,2
3617,3
3618,2
3619,2
3620,4
3621,1
3622,3
3624,5
3625,2
3626,3
3627,1
3628,1
3629,3
3630,3
3631,2
3632,2
3633,4
3634,1
3635,2
3636,3
3637,3
3638,2
3639,5
3640,2
3641,1
3642,4
3643,2
3644,3
3645,1
3646,3
3647,2
3648,4
3649,2
3651,1
3652,1
3653,4
3654,1
3656,4
3657,4
3658,3
3659,1
3660,5
3661,5
3662,4
3663,3
3664,4
3665,2
3666,1
3667,3
3669,6
3670,3
3671,1
3672,1
3673,1
3674,2
3675,3
3676,2
3677,5
3678,1
3679,3
3680,2
3681,4
3682,4
3684,1
3685,2
3686,3
3687,1
3689,3
3690,2
3691,1
3692,2
3693,2
3695,2
3697,3
3698,3
3699,3
3700,1
3701,5
3702,2
3703,1
3704,1
3705,1
3706,2
3707,5
3708,2
3709,1
3710,1
3711,2
3712,3
3713,2
3714,3
3715,2
3717,1
3718,2
3720,2
3721,2
3722,2
3723,2
3724,1
3725,3
3726,1
3727,2
3728,2
3729,3
3731,2
3732,5
3734,2
3735,2
3736,1
3737,1
3738,1
3739,1
3740,3
3741,1
3742,2
3743,3
3744,1
3745,1
3746,1
3748,3
3749,2
3750,5
3751,2
3752,2
3753,1
3754,1
3755,2
3756,3
3757,3
3758,1
3759,2
3760,1
3761,2
3762,2
3763,4
3764,6
3765,1
3766,3
3768,3
3769,2
3770,3
3771,2
3772,3
3774,2
3777,2
3778,1
3779,1
3780,2
3781,1
3782,1
3783,3
3784,1
3785,3
3786,3
3787,1
3788,4
3789,3
3790,1
3791,3
3792,4
3793,1
3794,3
3795,1
3797,5
3798,3
3799,3
3800,2
3801,3
3802,1
3804,1
3805,1
3807,1
3808,1
3809,1
3811,1
3812,4
3813,3
3814,4
3815,1
3816,2
3817,1
3818,3
3819,1
3820,1
3821,1
3822,1
3823,1
3825,1
3826,4
3827,1
3828,4
3829,1
3830,4
3832,2
3833,2
3834,2
3835,3
3837,2
3838,1
3839,3
3840,2
3841,6
3842,3
3843,2
3844,1
3845,2
3846,1
3847,4
3848,5
3849,2
3851,2
3852,3
3853,3
3854,1
3857,1
3858,1
3859,1
3860,1
3861,1
3863,1
3864,1
3865,5
3866,1
3867,3
3868,4
3869,1
3870,1
3871,1
3873,1
3874,3
3875,2
3876,1
3877,2
3878,1
3879,2
3880,1
3881,2
3882,1
3883,3
3884,2
3885,1
3886,2
3887,1
3888,2
3890,1
3892,1
3893,2
3894,1
3895,2
3896,1
3897,1
3898,3
3899,2
3900,4
3901,2
3903,2
3904,2
3905,4
3906,1
3907,2
3908,2
3910,2
3911,3
3912,3
3913,3
3914,2
3915,2
3916,2
3917,3
3918,1
3919,2
3920,2
3921,2
3922,1
3923,1
3924,2
3925,1
3927,1
3928,2
3932,3
3933,5
3936,1
3937,2
3938,2
3939,4
3940,2
3941,1
3943,1
3944,1
3945,4
3947,1
3948,2
3949,1
3950,4
3951,3
3952,2
3953,1
3954,1
3955,1
3956,1
3957,2
3959,2
3960,1
3961,2
3963,1
3965,3
3966,2
3969,2
3971,2
3972,3
3973,1
3975,1
3976,1
3977,1
3978,1
3979,4
3980,3
3981,2
3982,1
3983,1
3984,1
3985,1
3986,2
3989,1
3990,1
3991,2
3992,1
3993,1
3994,3
3997,5
3998,1
4000,1
4001,1
4003,3
4005,1
4007,4
4008,1
4009,1
4010,3
4011,1
4012,1
4013,1
4014,2
4016,1
4017,1
4018,3
4019,3
4020,2
4021,1
4022,2
4023,1
4024,4
4025,2
4027,5
4028,3
4029,3
4030,2
4031,2
4035,2
4036,1
4037,4
4038,4
4039,1
4040,2
4042,3
4043,3
4044,4
4046,2
4047,1
4048,3
4049,1
4052,2
4053,1
4056,1
4057,3
4059,2
4061,2
4062,1
4063,1
4064,2
4066,3
4067,6
4069,2
4071,1
4072,2
4073,2
4075,2
4076,1
4077,1
4078,1
4079,2
4080,1
4082,3
4083,2
4084,3
4085,1
4087,1
4088,1
4089,2
4090,1
4091,3
4092,1
4093,1
4094,2
4095,2
4096,1
4097,4
4098,1
4099,2
4100,2
4101,2
4103,1
4105,1
4106,2
4107,2
4108,1
4109,1
4110,2
4111,1
4112,3
4113,1
4114,1
4115,1
4116,1
4118,1
4119,4
4122,1
4124,1
4125,1
4126,2
4128,1
4129,1
4130,1
4132,1
4133,4
4134,1
4135,2
4137,2
4138,1
4139,1
4140,1
4142,1
4143,1
4146,1
4147,1
4148,2
4149,1
4150,3
4151,3
4152,4
4153,3
4155,1
4156,4
4157,1
4158,1
4160,2
4161,3
4163,1
4167,3
4168,1
4169,1
4170,2
4171,1
4172,1
4173,1
4174,1
4176,2
4181,1
4182,1
4184,2
4185,1
4186,3
4187,1
4191,1
4195,3
4197,1
4199,4
4200,3
4203,2
4205,1
4207,1
4211,3
4212,1
4213,1
4215,1
4220,3
4221,1
4222,2
4223,1
4224,1
4225,2
4226,1
4227,1
4228,1
4234,1
4237,1
4239,1
4240,2
4241,1
4242,3
4243,2
4244,1
4246,1
4250,2
4252,2
4253,2
4255,1
4257,1
4259,2
4260,1
4262,2
4263,1
4264,2
4266,1
4267,1
4272,1
4275,1
4276,1
4277,2
4278,2
4279,1
4280,1
4281,3
4282,1
4283,1
4286,1
4287,1
4289,4
4290,2
4291,1
4295,2
4296,1
4299,1
4300,1
4301,3
4303,1
4304,1
4307,1
4309,2
4311,1
4313,1
4316,2
4317,1
4318,1
4319,1
4320,2
4321,2
4325,1
4327,1
4328,1
4331,1
4332,2
4335,1
4336,1
4338,1
4339,1
4340,1
4341,1
4343,2
4344,1
4345,6
4346,2
4347,1
4348,2
4349,1
4350,1
4354,1
4355,1
4356,1
4357,1
4358,2
4360,1
4362,1
4363,1
4364,1
4366,1
4367,1
4368,1
4370,2
4373,1
4374,1
4375,1
4377,1
4378,1
4380,2
4381,1
4382,1
4385,2
4388,1
4389,2
4390,1
4392,1
4394,2
4395,2
4398,2
4400,2
4403,1
4404,1
4406,1
4409,1
4410,1
4411,2
4412,2
4414,1
4416,1
4418,1
4419,2
4422,1
4423,1
4424,2
4426,2
4430,1
4431,2
4432,1
4433,1
4435,1
4436,2
4438,2
4443,1
4446,2
4447,1
4448,4
4450,1
4451,2
4452,1
4455,1
4458,1
4460,3
4463,1
4464,2
4465,2
4466,2
4467,1
4470,2
4479,1
4481,1
4482,2
4483,1
4484,2
4485,1
4487,1
4488,1
4489,3
4490,3
4491,2
4494,2
4496,1
4497,1
4498,1
4499,4
4501,2
4502,3
4503,3
4507,2
4510,1
4511,3
4512,1
4513,1
4514,1
4517,2
4519,1
4521,2
4522,1
4524,1
4525,1
4530,3
4532,1
4533,2
4534,4
4535,1
4537,1
4540,1
4541,1
4544,1
4546,1
4548,1
4552,3
4554,2
4555,2
4558,1
4559,1
4561,2
4562,3
4563,3
4565,1
4566,2
4567,1
4573,1
4576,2
4577,1
4579,1
4582,5
4583,1
4584,1
4587,1
4588,1
4589,1
4591,1
4592,1
4594,3
4595,2
4597,3
4598,1
4600,1
4601,2
4603,2
4605,1
4606,1
4609,4
4611,1
4614,2
4616,2
4618,1
4619,1
4621,1
4622,3
4624,3
4625,2
4627,2
4631,1
4632,2
4633,1
4635,1
4637,2
4638,2
4640,1
4642,1
4643,1
4646,1
4648,2
4649,2
4652,1
4654,2
4657,1
4661,3
4662,2
4665,1
4667,1
4669,1
4670,2
4672,2
4674,3
4676,1
4677,1
4678,1
4680,3
4682,2
4683,2
4685,1
4687,1
4688,3
4689,3
4691,2
4692,2
4693,1
4694,2
4695,1
4696,1
4697,1
4700,1
4702,2
4703,1
4706,1
4707,1
4711,3
4712,1
4717,2
4718,2
4719,1
4720,3
4721,2
4724,1
4727,2
4730,1
4731,1
4734,3
4735,3
4746,2
4749,1
4750,3
4751,1
4752,1
4753,1
4757,3
4761,1
4762,1
4763,2
4764,2
4765,2
4766,1
4769,2
4770,2
4772,1
4773,1
4777,1
4778,2
4779,1
4781,1
4782,2
4783,2
4784,1
4785,3
4786,1
4789,1
4790,2
4791,1
4792,1
4796,2
4797,2
4798,1
4801,1
4802,1
4803,3
4806,1
4807,1
4808,2
4810,2
4812,1
4813,1
4814,3
4815,1
4818,1
4819,3
4820,1
4822,1
4824,1
4825,3
4826,1
4827,2
4830,1
4831,3
4832,1
4834,1
4835,2
4836,5
4837,1
4838,1
4842,3
4844,2
4845,1
4847,2
4848,1
4850,1
4851,2
4853,1
4854,1
4855,2
4856,2
4858,2
4859,1
4860,1
4862,1
4864,2
4865,2
4866,2
4867,2
4868,2
4869,2
4870,2
4871,3
4872,2
4873,2
4874,3
4875,1
4876,2
4877,1
4878,1
4879,2
4880,1
4881,2
4883,1
4884,2
4886,3
4887,2
4888,2
4889,3
4891,2
4892,1
4893,3
4894,2
4895,3
4896,3
4897,2
4898,3
4899,1
4900,5
4901,1
4902,3
4904,1
4905,3
4906,4
4907,5
4908,3
4909,2
4910,3
4911,1
4912,4
4913,4
4915,2
4916,6
4917,4
4918,1
4919,3
4920,2
4921,1
4922,1
4923,3
4924,2
4925,5
4926,4
4927,2
4928,3
4929,1
4930,4
4931,5
4932,1
4933,3
4934,4
4935,4
4936,4
4937,6
4938,4
4939,3
4940,6
4941,4
4942,1
4943,3
4944,2
4945,4
4946,5
4947,3
4948,3
4949,3
4950,4
4951,4
4952,5
4953,1
4954,2
4955,2
4956,2
4957,2
4958,2
4959,4
4960,1
4961,6
4962,2
4963,3
4964,2
4965,4
4966,2
4967,5
4968,1
4969,3
4970,4
4971,5
4972,3
4973,5
4974,5
4975,3
4976,4
4977,2
4978,4
4979,6
4980,2
4981,4
4982,6
4983,7
4984,3
4985,5
4986,4
4987,1
4988,1
4989,4
4990,5
4991,4
4992,5
4993,1
4994,4
4995,3
4996,7
4997,3
4998,1
4999,2
5000,1
